{"type":"FeatureCollection","features":[{"type":"Feature","id":"node/99243398","geometry":{"type":"Point","coordinates":[8.213848,53.1444]},"properties":{"id":"node/99243398","kind":"garage","name":"City Center Oldenburg","parking":"underground","capacity":500,"fee":"yes","feeConditional":null,"maxstay":null,"maxstayConditional":null,"access":"yes","operator":null,"openingHours":null,"residents":null,"disc":null,"charge":null,"tags":{"access":"yes","amenity":"parking","capacity":"500","capacity:disabled":"3","fee":"yes","name":"City Center Oldenburg","park_ride":"no","parking":"underground","surface":"asphalt"}}},{"type":"Feature","id":"node/235902362","geometry":{"type":"Point","coordinates":[8.215623,53.14546]},"properties":{"id":"node/235902362","kind":"lot","name":null,"parking":"surface","capacity":null,"fee":null,"feeConditional":null,"maxstay":null,"maxstayConditional":null,"access":null,"operator":null,"openingHours":null,"residents":null,"disc":null,"charge":null,"tags":{"amenity":"parking","parking":"surface"}}},{"type":"Feature","id":"node/1200301854","geometry":{"type":"Point","coordinates":[8.216904,53.138989]},"properties":{"id":"node/1200301854","kind":"garage","name":"Schlosshöfe","parking":"multi-storey","capacity":430,"fee":"yes","feeConditional":null,"maxstay":null,"maxstayConditional":null,"access":"yes","operator":null,"openingHours":"24/7","residents":null,"disc":null,"charge":null,"tags":{"access":"yes","amenity":"parking","capacity":"430","capacity:disabled":"14","fee":"yes","name":"Schlosshöfe","opening_hours":"24/7","parking":"multi-storey","surface":"asphalt"}}},{"type":"Feature","id":"node/1311044162","geometry":{"type":"Point","coordinates":[8.192512,53.153232]},"properties":{"id":"node/1311044162","kind":"lot","name":null,"parking":"surface","capacity":null,"fee":"no","feeConditional":null,"maxstay":null,"maxstayConditional":null,"access":"yes","operator":null,"openingHours":null,"residents":null,"disc":null,"charge":null,"tags":{"access":"yes","amenity":"parking","fee":"no","parking":"surface"}}},{"type":"Feature","id":"node/1338047926","geometry":{"type":"Point","coordinates":[8.201472,53.14948]},"properties":{"id":"node/1338047926","kind":"garage","name":null,"parking":"underground","capacity":20,"fee":"no","feeConditional":null,"maxstay":null,"maxstayConditional":null,"access":"customers","operator":null,"openingHours":null,"residents":null,"disc":null,"charge":null,"tags":{"access":"customers","amenity":"parking","capacity":"20","fee":"no","parking":"underground"}}},{"type":"Feature","id":"node/2207565702","geometry":{"type":"Point","coordinates":[8.207689,53.12984]},"properties":{"id":"node/2207565702","kind":"lot","name":"Beh. Parkplatz 4 Stellplätze","parking":"surface","capacity":null,"fee":"no","feeConditional":null,"maxstay":null,"maxstayConditional":null,"access":"customers","operator":null,"openingHours":null,"residents":null,"disc":null,"charge":null,"tags":{"access":"customers","amenity":"parking","fee":"no","name":"Beh. Parkplatz 4 Stellplätze","parking":"surface"}}},{"type":"Feature","id":"node/2777023962","geometry":{"type":"Point","coordinates":[8.212216,53.145121]},"properties":{"id":"node/2777023962","kind":"garage","name":"Tiefgarage Heiligengeisthöfe","parking":"underground","capacity":270,"fee":"yes","feeConditional":null,"maxstay":null,"maxstayConditional":null,"access":"yes","operator":null,"openingHours":"24/7","residents":null,"disc":null,"charge":null,"tags":{"access":"yes","amenity":"parking","capacity":"270","capacity:disabled":"6","fee":"yes","name":"Tiefgarage Heiligengeisthöfe","opening_hours":"24/7","park_ride":"no","parking":"underground","surface":"asphalt"}}},{"type":"Feature","id":"node/5515061446","geometry":{"type":"Point","coordinates":[8.22089,53.128209]},"properties":{"id":"node/5515061446","kind":"lot","name":null,"parking":"surface","capacity":10,"fee":"no","feeConditional":null,"maxstay":null,"maxstayConditional":null,"access":"customers","operator":"Rechtsanwälte Arens & Groll","openingHours":null,"residents":null,"disc":null,"charge":null,"tags":{"access":"customers","amenity":"parking","capacity":"10","fee":"no","operator":"Rechtsanwälte Arens & Groll","park_ride":"no","parking":"surface","supervised":"no"}}},{"type":"Feature","id":"node/10219838934","geometry":{"type":"Point","coordinates":[8.209062,53.145227]},"properties":{"id":"node/10219838934","kind":"garage","name":null,"parking":"underground","capacity":null,"fee":null,"feeConditional":null,"maxstay":null,"maxstayConditional":null,"access":null,"operator":null,"openingHours":null,"residents":null,"disc":null,"charge":null,"tags":{"amenity":"parking","parking":"underground"}}},{"type":"Feature","id":"node/10537315496","geometry":{"type":"Point","coordinates":[8.194649,53.151419]},"properties":{"id":"node/10537315496","kind":"garage","name":null,"parking":"underground","capacity":null,"fee":"no","feeConditional":null,"maxstay":null,"maxstayConditional":null,"access":"customers","operator":null,"openingHours":null,"residents":null,"disc":null,"charge":null,"tags":{"access":"customers","amenity":"parking","fee":"no","parking":"underground"}}},{"type":"Feature","id":"node/12228409575","geometry":{"type":"Point","coordinates":[8.204146,53.142371]},"properties":{"id":"node/12228409575","kind":"garage","name":null,"parking":"underground","capacity":null,"fee":null,"feeConditional":null,"maxstay":null,"maxstayConditional":null,"access":null,"operator":null,"openingHours":null,"residents":null,"disc":null,"charge":null,"tags":{"amenity":"parking","parking":"underground"}}},{"type":"Feature","id":"node/12337052655","geometry":{"type":"Point","coordinates":[8.22868,53.144876]},"properties":{"id":"node/12337052655","kind":"lot","name":null,"parking":"surface","capacity":null,"fee":null,"feeConditional":null,"maxstay":null,"maxstayConditional":null,"access":"customers","operator":null,"openingHours":null,"residents":null,"disc":null,"charge":null,"tags":{"access":"customers","amenity":"parking","parking":"surface"}}},{"type":"Feature","id":"node/12820946545","geometry":{"type":"Point","coordinates":[8.225082,53.13053]},"properties":{"id":"node/12820946545","kind":"garage","name":null,"parking":"underground","capacity":null,"fee":"no","feeConditional":null,"maxstay":"90 minutes","maxstayConditional":null,"access":"customers","operator":null,"openingHours":null,"residents":null,"disc":null,"charge":null,"tags":{"access":"customers","amenity":"parking","fee":"no","maxstay":"90 minutes","parking":"underground"}}},{"type":"Feature","id":"node/13645361501","geometry":{"type":"Point","coordinates":[8.211565,53.151961]},"properties":{"id":"node/13645361501","kind":"lot","name":null,"parking":"surface","capacity":2,"fee":null,"feeConditional":null,"maxstay":null,"maxstayConditional":null,"access":"customers","operator":"BABETT","openingHours":null,"residents":null,"disc":null,"charge":null,"tags":{"access":"customers","amenity":"parking","capacity":"2","operator":"BABETT"}}},{"type":"Feature","id":"node/13645361601","geometry":{"type":"Point","coordinates":[8.211582,53.15205]},"properties":{"id":"node/13645361601","kind":"lot","name":null,"parking":"surface","capacity":null,"fee":null,"feeConditional":null,"maxstay":null,"maxstayConditional":null,"access":"customers","operator":"Steuerring","openingHours":null,"residents":null,"disc":null,"charge":null,"tags":{"access":"customers","amenity":"parking","operator":"Steuerring"}}},{"type":"Feature","id":"node/13963326138","geometry":{"type":"Point","coordinates":[8.231073,53.148721]},"properties":{"id":"node/13963326138","kind":"lot","name":"Park & Ride Weser-Ems-Halle","parking":"surface","capacity":null,"fee":null,"feeConditional":null,"maxstay":null,"maxstayConditional":null,"access":null,"operator":null,"openingHours":null,"residents":null,"disc":null,"charge":null,"tags":{"amenity":"parking","name":"Park & Ride Weser-Ems-Halle","parking":"surface"}}},{"type":"Feature","id":"node/13998609509","geometry":{"type":"Point","coordinates":[8.21052,53.139773]},"properties":{"id":"node/13998609509","kind":"garage","name":"Parkhaus Theatergarage","parking":"underground","capacity":103,"fee":"yes","feeConditional":null,"maxstay":null,"maxstayConditional":null,"access":"yes","operator":"APCOA Parking","openingHours":null,"residents":null,"disc":null,"charge":"2.5 EUR","tags":{"access":"yes","amenity":"parking","capacity":"103","capacity:disabled":"1","charge":"2.5 EUR","fee":"yes","name":"Parkhaus Theatergarage","operator":"APCOA Parking","operator:type":"private","operator:wikidata":"Q296108","parking":"underground","surface":"asphalt","website":"https://www.apcoa.de/parken/oldenburg/theatergarage/"}}},{"type":"Feature","id":"way/4396687#right","geometry":{"type":"LineString","coordinates":[[8.217407,53.140458],[8.217335,53.14047],[8.217263,53.140487],[8.217186,53.140511],[8.21715,53.140527],[8.217089,53.14056],[8.217049,53.140585],[8.217016,53.140613],[8.216956,53.140673],[8.216907,53.140726],[8.216656,53.140996],[8.216545,53.141114],[8.216506,53.141157],[8.216472,53.141193],[8.216343,53.141339],[8.215933,53.141775],[8.215789,53.14193],[8.215614,53.14212],[8.215458,53.142295],[8.215269,53.142515],[8.215207,53.142587],[8.215108,53.142703],[8.214993,53.142865],[8.214899,53.142992],[8.214852,53.143052],[8.214797,53.143128],[8.214752,53.143196],[8.214712,53.14326],[8.214696,53.143293],[8.214685,53.143317],[8.214621,53.143423]]},"properties":{"id":"way/4396687#right","kind":"street","name":"Staugraben","parking":"street_side","side":"right","orientation":"parallel","fee":"yes","feeConditional":null,"maxstay":null,"maxstayConditional":null,"restrictionConditional":null,"access":null,"residents":null,"disc":null,"capacity":null,"operator":null,"openingHours":null,"charge":null,"tags":{"highway":"tertiary","name":"Staugraben","parking:right":"street_side","parking:right:fee":"yes","parking:right:orientation":"parallel","surface":"asphalt"}}},{"type":"Feature","id":"way/4950119#left","geometry":{"type":"LineString","coordinates":[[8.237173,53.150874],[8.237584,53.150697],[8.237803,53.150602],[8.237984,53.15053],[8.23849,53.150309]]},"properties":{"id":"way/4950119#left","kind":"street","name":"Wehdestraße","parking":"street_side","side":"left","orientation":"parallel","fee":null,"feeConditional":null,"maxstay":null,"maxstayConditional":null,"restrictionConditional":null,"access":null,"residents":null,"disc":null,"capacity":null,"operator":null,"openingHours":null,"charge":null,"tags":{"highway":"tertiary","name":"Wehdestraße","parking:left":"street_side","parking:left:orientation":"parallel","parking:right":"no","surface":"asphalt"}}},{"type":"Feature","id":"way/4950166#right","geometry":{"type":"LineString","coordinates":[[8.195387,53.139935],[8.195082,53.14004],[8.195004,53.14007],[8.194682,53.140203],[8.194095,53.140441],[8.192944,53.14093],[8.19289,53.140944],[8.192826,53.140952],[8.19223,53.140932],[8.192176,53.140936],[8.192145,53.140944],[8.192112,53.140957]]},"properties":{"id":"way/4950166#right","kind":"street","name":"Gerberhof","parking":"street_side","side":"right","orientation":"parallel","fee":null,"feeConditional":null,"maxstay":null,"maxstayConditional":null,"restrictionConditional":null,"access":null,"residents":null,"disc":null,"capacity":null,"operator":null,"openingHours":null,"charge":null,"tags":{"highway":"residential","name":"Gerberhof","parking:left":"no","parking:left:restriction":"no_stopping","parking:right":"street_side","parking:right:orientation":"parallel","surface":"asphalt"}}},{"type":"Feature","id":"way/4950170#both","geometry":{"type":"LineString","coordinates":[[8.197746,53.138236],[8.197926,53.138199],[8.19869,53.137941],[8.199722,53.137613],[8.200473,53.137385],[8.20085,53.137286],[8.200983,53.137253],[8.201683,53.137109],[8.202034,53.137055],[8.202457,53.137004],[8.203682,53.136884]]},"properties":{"id":"way/4950170#both","kind":"street","name":"Unter den Eichen","parking":"street_side","side":"both","orientation":"parallel","fee":"no","feeConditional":null,"maxstay":null,"maxstayConditional":null,"restrictionConditional":null,"access":null,"residents":null,"disc":null,"capacity":null,"operator":null,"openingHours":null,"charge":null,"tags":{"highway":"residential","name":"Unter den Eichen","parking:both:fee":"no","parking:both:orientation":"parallel","parking:left":"shoulder","parking:right":"lane","surface":"asphalt"}}},{"type":"Feature","id":"way/4950171#both","geometry":{"type":"LineString","coordinates":[[8.203835,53.137827],[8.203834,53.137802],[8.203832,53.137785],[8.203682,53.136884]]},"properties":{"id":"way/4950171#both","kind":"street","name":"Proppingstraße","parking":"street_side","side":"both","orientation":"parallel","fee":null,"feeConditional":null,"maxstay":null,"maxstayConditional":null,"restrictionConditional":null,"access":null,"residents":null,"disc":null,"capacity":null,"operator":null,"openingHours":null,"charge":null,"tags":{"highway":"residential","name":"Proppingstraße","parking:both":"half_on_kerb","parking:both:orientation":"parallel","surface":"sett"}}},{"type":"Feature","id":"way/8068143#left","geometry":{"type":"LineString","coordinates":[[8.219394,53.15445],[8.219284,53.15448],[8.21916,53.154511],[8.217652,53.154886],[8.216681,53.15513],[8.214855,53.155586]]},"properties":{"id":"way/8068143#left","kind":"street","name":"Lambertistraße","parking":"street_side","side":"left","orientation":"parallel","fee":null,"feeConditional":null,"maxstay":null,"maxstayConditional":null,"restrictionConditional":null,"access":null,"residents":null,"disc":null,"capacity":null,"operator":null,"openingHours":null,"charge":null,"tags":{"highway":"residential","name":"Lambertistraße","parking:lane:left:parallel":"on_kerb","parking:left":"yes","parking:left:orientation":"parallel","parking:right":"no","surface":"asphalt"}}},{"type":"Feature","id":"way/8892755#left","geometry":{"type":"LineString","coordinates":[[8.20506,53.136758],[8.205042,53.136676],[8.204998,53.136488],[8.204926,53.136231],[8.204762,53.13578],[8.204691,53.135599],[8.204659,53.135501],[8.204638,53.135371],[8.20457,53.134614],[8.204583,53.134393],[8.204581,53.134351]]},"properties":{"id":"way/8892755#left","kind":"street","name":"Meinardusstraße","parking":"street_side","side":"left","orientation":"parallel","fee":"yes","feeConditional":null,"maxstay":null,"maxstayConditional":null,"restrictionConditional":null,"access":null,"residents":"A","disc":null,"capacity":null,"operator":null,"openingHours":null,"charge":null,"tags":{"highway":"residential","name":"Meinardusstraße","parking:left":"street_side","parking:left:fee":"yes","parking:left:orientation":"parallel","parking:left:zone":"A","parking:right":"no","parking:right:restriction":"no_stopping","surface":"asphalt"}}},{"type":"Feature","id":"way/8895520#right","geometry":{"type":"LineString","coordinates":[[8.208289,53.137355],[8.208263,53.13712],[8.208133,53.136348],[8.20809,53.136018],[8.208051,53.135642],[8.208045,53.135589],[8.208016,53.135203],[8.208002,53.135082],[8.207991,53.134849],[8.208014,53.134785]]},"properties":{"id":"way/8895520#right","kind":"street","name":"Roggemannstraße","parking":"street_side","side":"right","orientation":"parallel","fee":"yes","feeConditional":null,"maxstay":null,"maxstayConditional":null,"restrictionConditional":null,"access":null,"residents":"A","disc":null,"capacity":null,"operator":null,"openingHours":null,"charge":null,"tags":{"highway":"residential","name":"Roggemannstraße","name:etymology:wikidata":"Q1220287","parking:both:fee":"yes","parking:both:zone":"A","parking:left":"no","parking:left:restriction":"no_parking","parking:right":"lane","parking:right:orientation":"parallel","surface":"asphalt"}}},{"type":"Feature","id":"way/8899992#both","geometry":{"type":"LineString","coordinates":[[8.219706,53.136213],[8.219616,53.13612],[8.219495,53.136043],[8.219349,53.135976],[8.219209,53.135928],[8.218977,53.135856],[8.218495,53.135711],[8.218211,53.135628],[8.218093,53.13559],[8.218063,53.13558],[8.217965,53.135546]]},"properties":{"id":"way/8899992#both","kind":"street","name":"Am Festungsgraben","parking":"street_side","side":"both","orientation":"parallel","fee":"yes","feeConditional":null,"maxstay":null,"maxstayConditional":null,"restrictionConditional":null,"access":null,"residents":"D","disc":null,"capacity":null,"operator":null,"openingHours":null,"charge":null,"tags":{"highway":"residential","name":"Am Festungsgraben","parking:both":"lane","parking:both:fee":"yes","parking:both:orientation":"parallel","parking:both:zone":"D","surface":"asphalt"}}},{"type":"Feature","id":"way/8900083#both","geometry":{"type":"LineString","coordinates":[[8.223877,53.142747],[8.223888,53.142692],[8.223917,53.142636],[8.223984,53.142536],[8.224051,53.142421],[8.224101,53.142306],[8.224118,53.142215],[8.224118,53.142131],[8.22411,53.141926],[8.224111,53.141896],[8.224098,53.141755],[8.224091,53.141674],[8.224086,53.141589]]},"properties":{"id":"way/8900083#both","kind":"street","name":"Güterstraße","parking":"street_side","side":"both","orientation":"parallel","fee":"no","feeConditional":null,"maxstay":null,"maxstayConditional":null,"restrictionConditional":null,"access":null,"residents":null,"disc":null,"capacity":null,"operator":null,"openingHours":null,"charge":null,"tags":{"highway":"tertiary","name":"Güterstraße","parking:both":"yes","parking:both:fee":"no","parking:both:orientation":"parallel","surface":"asphalt"}}},{"type":"Feature","id":"way/9383359#both","geometry":{"type":"LineString","coordinates":[[8.211814,53.136072],[8.209101,53.137938],[8.209061,53.137965]]},"properties":{"id":"way/9383359#both","kind":"street","name":"Moltkestraße","parking":"street_side","side":"both","orientation":"parallel","fee":"yes","feeConditional":null,"maxstay":null,"maxstayConditional":null,"restrictionConditional":null,"access":null,"residents":"A","disc":null,"capacity":null,"operator":null,"openingHours":null,"charge":null,"tags":{"highway":"residential","name":"Moltkestraße","parking:both":"half_on_kerb","parking:both:fee":"yes","parking:both:orientation":"parallel","parking:both:zone":"A","surface":"asphalt"}}},{"type":"Feature","id":"way/9385860#both","geometry":{"type":"LineString","coordinates":[[8.201666,53.144204],[8.201669,53.144241],[8.201748,53.1451]]},"properties":{"id":"way/9385860#both","kind":"street","name":"Adlerstraße","parking":"street_side","side":"both","orientation":"parallel","fee":"no","feeConditional":null,"maxstay":null,"maxstayConditional":null,"restrictionConditional":null,"access":null,"residents":null,"disc":null,"capacity":null,"operator":null,"openingHours":null,"charge":null,"tags":{"highway":"residential","name":"Adlerstraße","parking:both":"half_on_kerb","parking:both:fee":"no","parking:both:orientation":"parallel","surface":"unhewn_cobblestone"}}},{"type":"Feature","id":"way/9606612#right","geometry":{"type":"LineString","coordinates":[[8.217506,53.136607],[8.217616,53.136631],[8.217755,53.136672],[8.217872,53.136716],[8.217967,53.136761],[8.218054,53.136817],[8.218114,53.13687],[8.218244,53.136989],[8.218288,53.137029],[8.218429,53.137171],[8.218466,53.137217],[8.218487,53.137261],[8.218505,53.137315],[8.218513,53.137369],[8.218551,53.137657],[8.218561,53.137773],[8.21857,53.137869],[8.218573,53.137914],[8.218587,53.138047]]},"properties":{"id":"way/9606612#right","kind":"street","name":"Huntestraße","parking":"street_side","side":"right","orientation":"parallel","fee":null,"feeConditional":null,"maxstay":null,"maxstayConditional":null,"restrictionConditional":null,"access":null,"residents":null,"disc":null,"capacity":null,"operator":null,"openingHours":null,"charge":null,"tags":{"highway":"tertiary","name":"Huntestraße","parking:condition:right":"ticket","parking:lane:right:parallel":"street_side","parking:right":"yes","parking:right:orientation":"parallel","surface":"asphalt"}}},{"type":"Feature","id":"way/9606893#both","geometry":{"type":"LineString","coordinates":[[8.216893,53.136358],[8.216872,53.136352],[8.216234,53.136178],[8.215938,53.136063],[8.215509,53.135896],[8.214966,53.135615],[8.214792,53.135528],[8.214771,53.135518],[8.214671,53.135463],[8.214619,53.135432],[8.214506,53.135363],[8.214377,53.135249],[8.214086,53.134887],[8.214023,53.134771],[8.214002,53.134661],[8.214002,53.134597],[8.213995,53.134544]]},"properties":{"id":"way/9606893#both","kind":"street","name":"Elisabethstraße","parking":"street_side","side":"both","orientation":"parallel","fee":"yes","feeConditional":null,"maxstay":null,"maxstayConditional":null,"restrictionConditional":null,"access":null,"residents":"E","disc":null,"capacity":null,"operator":null,"openingHours":null,"charge":null,"tags":{"highway":"residential","name":"Elisabethstraße","parking:both:fee":"yes","parking:both:zone":"E","parking:left":"lane","parking:left:orientation":"parallel","parking:right":"street_side","parking:right:orientation":"parallel","surface":"asphalt"}}},{"type":"Feature","id":"way/10137690#both","geometry":{"type":"LineString","coordinates":[[8.224101,53.142306],[8.224225,53.142308],[8.225661,53.142309]]},"properties":{"id":"way/10137690#both","kind":"street","name":"Ankerstraße","parking":"street_side","side":"both","orientation":"perpendicular","fee":null,"feeConditional":null,"maxstay":null,"maxstayConditional":null,"restrictionConditional":null,"access":null,"residents":null,"disc":null,"capacity":null,"operator":null,"openingHours":null,"charge":null,"tags":{"highway":"residential","name":"Ankerstraße","parking:both":"street_side","parking:both:orientation":"perpendicular","surface":"paving_stones"}}},{"type":"Feature","id":"way/10138824#both","geometry":{"type":"LineString","coordinates":[[8.220849,53.143522],[8.220313,53.143609],[8.220225,53.143624],[8.219661,53.143715],[8.218978,53.143849]]},"properties":{"id":"way/10138824#both","kind":"street","name":"Moslestraße","parking":"street_side","side":"both","orientation":"parallel","fee":null,"feeConditional":null,"maxstay":null,"maxstayConditional":null,"restrictionConditional":null,"access":null,"residents":null,"disc":null,"capacity":null,"operator":null,"openingHours":null,"charge":null,"tags":{"highway":"tertiary","name":"Moslestraße","parking:both:orientation":"parallel","parking:left":"street_side","parking:right":"lane","surface":"asphalt","zone:traffic":"DE:urban"}}},{"type":"Feature","id":"way/10311164#both","geometry":{"type":"LineString","coordinates":[[8.206343,53.15358],[8.206323,53.153626],[8.20632,53.153634],[8.206279,53.153716],[8.20626,53.153747],[8.206218,53.153795],[8.2061,53.153883],[8.205867,53.154043],[8.205697,53.154163],[8.205513,53.154293],[8.205293,53.154444],[8.205122,53.154562],[8.204926,53.154701],[8.204729,53.154838],[8.204546,53.154968],[8.204485,53.155012],[8.204476,53.155018],[8.204426,53.155052],[8.204362,53.155097],[8.204351,53.155104],[8.204159,53.155236],[8.203976,53.155362],[8.203967,53.155368],[8.203913,53.155404],[8.203587,53.155629],[8.203514,53.155679],[8.203478,53.155704],[8.203335,53.155802],[8.2033,53.155823],[8.203266,53.155846]]},"properties":{"id":"way/10311164#both","kind":"street","name":"Wardenburgstraße","parking":"street_side","side":"both","orientation":null,"fee":null,"feeConditional":null,"maxstay":null,"maxstayConditional":null,"restrictionConditional":null,"access":null,"residents":null,"disc":null,"capacity":null,"operator":null,"openingHours":null,"charge":null,"tags":{"highway":"residential","name":"Wardenburgstraße","parking:left":"half_on_kerb","parking:right":"half_on_kerb","surface":"asphalt"}}},{"type":"Feature","id":"way/10311169#right","geometry":{"type":"LineString","coordinates":[[8.207522,53.152857],[8.207497,53.152921],[8.207493,53.152934],[8.207471,53.152999],[8.207377,53.153291],[8.207281,53.153594],[8.207267,53.153628],[8.207261,53.153642],[8.207252,53.153665],[8.207238,53.153697]]},"properties":{"id":"way/10311169#right","kind":"street","name":"Friedrich-August-Platz","parking":"street_side","side":"right","orientation":"parallel","fee":"no","feeConditional":null,"maxstay":null,"maxstayConditional":null,"restrictionConditional":null,"access":null,"residents":null,"disc":null,"capacity":null,"operator":null,"openingHours":null,"charge":null,"tags":{"highway":"residential","name":"Friedrich-August-Platz","parking:right":"lane","parking:right:fee":"no","parking:right:orientation":"parallel","surface":"asphalt"}}},{"type":"Feature","id":"way/10311269#both","geometry":{"type":"LineString","coordinates":[[8.202446,53.154503],[8.202519,53.15449],[8.202536,53.154487],[8.202975,53.15441],[8.203121,53.154384],[8.203199,53.154369],[8.203373,53.154336],[8.203525,53.154303],[8.203626,53.154272],[8.203769,53.154219],[8.203914,53.154155],[8.204026,53.154088],[8.204073,53.154055],[8.204122,53.154018],[8.204177,53.153973],[8.20422,53.153933],[8.204263,53.153887],[8.204297,53.153844],[8.204335,53.153791],[8.204373,53.15373],[8.204404,53.153669],[8.204428,53.15361],[8.204438,53.153586],[8.204519,53.15338],[8.204522,53.153373],[8.204535,53.153338]]},"properties":{"id":"way/10311269#both","kind":"street","name":"Noackstraße","parking":"street_side","side":"both","orientation":"parallel","fee":null,"feeConditional":null,"maxstay":null,"maxstayConditional":null,"restrictionConditional":null,"access":null,"residents":null,"disc":null,"capacity":null,"operator":null,"openingHours":null,"charge":null,"tags":{"highway":"residential","name":"Noackstraße","name:etymology:wikidata":"Q15791032","parking:both":"half_on_kerb","parking:both:orientation":"parallel","surface":"asphalt"}}},{"type":"Feature","id":"way/10311413#both","geometry":{"type":"LineString","coordinates":[[8.206872,53.150995],[8.206842,53.150962],[8.206839,53.150952],[8.206836,53.150942],[8.206832,53.15093],[8.206827,53.150795],[8.206826,53.150648],[8.206824,53.150524],[8.206826,53.150405],[8.206832,53.150247],[8.20684,53.150043],[8.206854,53.149868],[8.206859,53.149799],[8.206886,53.149546],[8.206914,53.149334],[8.206933,53.149197],[8.206985,53.148831],[8.206986,53.148826],[8.206993,53.148789]]},"properties":{"id":"way/10311413#both","kind":"street","name":"Hochhauser Straße","parking":"street_side","side":"both","orientation":"parallel","fee":null,"feeConditional":null,"maxstay":null,"maxstayConditional":null,"restrictionConditional":null,"access":null,"residents":null,"disc":null,"capacity":null,"operator":null,"openingHours":null,"charge":null,"tags":{"highway":"residential","name":"Hochhauser Straße","parking:both":"half_on_kerb","parking:both:orientation":"parallel","parking:condition:both":"free","surface":"unhewn_cobblestone","surface:middle":"sett"}}},{"type":"Feature","id":"way/10495074#both","geometry":{"type":"LineString","coordinates":[[8.210324,53.150327],[8.210001,53.150735],[8.209759,53.151029]]},"properties":{"id":"way/10495074#both","kind":"street","name":"Kurze Straße","parking":"street_side","side":"both","orientation":"parallel","fee":"no","feeConditional":null,"maxstay":null,"maxstayConditional":null,"restrictionConditional":null,"access":null,"residents":null,"disc":null,"capacity":null,"operator":null,"openingHours":null,"charge":null,"tags":{"highway":"residential","name":"Kurze Straße","parking:both":"half_on_kerb","parking:both:fee":"no","parking:both:orientation":"parallel","surface":"unhewn_cobblestone","surface:middle":"sett"}}},{"type":"Feature","id":"way/10509787#right","geometry":{"type":"LineString","coordinates":[[8.206343,53.15358],[8.206363,53.153529],[8.206367,53.153521],[8.206516,53.153169],[8.206639,53.152885],[8.206654,53.152842],[8.206658,53.152813],[8.206656,53.152804],[8.206648,53.152781],[8.206589,53.152719]]},"properties":{"id":"way/10509787#right","kind":"street","name":"Friedrich-August-Platz","parking":"street_side","side":"right","orientation":"parallel","fee":"no","feeConditional":null,"maxstay":null,"maxstayConditional":null,"restrictionConditional":null,"access":null,"residents":null,"disc":null,"capacity":null,"operator":null,"openingHours":null,"charge":null,"tags":{"highway":"residential","name":"Friedrich-August-Platz","parking:right":"lane","parking:right:fee":"no","parking:right:orientation":"parallel","surface":"asphalt"}}},{"type":"Feature","id":"way/10619299#both","geometry":{"type":"LineString","coordinates":[[8.197293,53.14195],[8.197328,53.142017],[8.197216,53.142686],[8.197187,53.142863],[8.197138,53.143154],[8.197083,53.143428],[8.197068,53.143525],[8.19696,53.144226]]},"properties":{"id":"way/10619299#both","kind":"street","name":"Westerstraße","parking":"street_side","side":"both","orientation":"parallel","fee":null,"feeConditional":null,"maxstay":null,"maxstayConditional":null,"restrictionConditional":null,"access":null,"residents":null,"disc":null,"capacity":null,"operator":null,"openingHours":null,"charge":null,"tags":{"highway":"residential","name":"Westerstraße","parking:both":"lane","parking:both:markings":"yes","parking:both:orientation":"parallel","parking:both:staggered":"yes","surface":"sett"}}},{"type":"Feature","id":"way/10619300#both","geometry":{"type":"LineString","coordinates":[[8.195031,53.144229],[8.195067,53.143986],[8.195111,53.143841],[8.195228,53.143607],[8.195246,53.14357],[8.195333,53.143393],[8.195416,53.143222],[8.195526,53.142997],[8.195558,53.142928],[8.195589,53.142863],[8.195748,53.142529],[8.195761,53.142474],[8.195749,53.142429],[8.195716,53.142395],[8.195692,53.142372]]},"properties":{"id":"way/10619300#both","kind":"street","name":"Franz-Poppe-Straße","parking":"street_side","side":"both","orientation":"parallel","fee":null,"feeConditional":null,"maxstay":null,"maxstayConditional":null,"restrictionConditional":null,"access":null,"residents":null,"disc":null,"capacity":null,"operator":null,"openingHours":null,"charge":null,"tags":{"highway":"residential","name":"Franz-Poppe-Straße","parking:left":"lane","parking:left:markings":"yes","parking:left:orientation":"parallel","parking:right":"street_side","parking:right:orientation":"parallel","surface":"asphalt"}}},{"type":"Feature","id":"way/10619302#both","geometry":{"type":"LineString","coordinates":[[8.203767,53.143136],[8.203714,53.14314],[8.203683,53.143142],[8.203646,53.143146],[8.203253,53.143167],[8.203102,53.143175],[8.202759,53.143195],[8.202647,53.143201],[8.202548,53.143207],[8.202392,53.143214],[8.202297,53.143219],[8.202216,53.143223],[8.202036,53.143231],[8.201889,53.143238],[8.201833,53.143242],[8.201606,53.143255],[8.201159,53.143281],[8.201094,53.143285],[8.201018,53.14329],[8.20069,53.143308],[8.200282,53.143332],[8.19997,53.14335],[8.199869,53.143355]]},"properties":{"id":"way/10619302#both","kind":"street","name":"Zeughausstraße","parking":"street_side","side":"both","orientation":"parallel","fee":null,"feeConditional":null,"maxstay":null,"maxstayConditional":null,"restrictionConditional":null,"access":null,"residents":null,"disc":null,"capacity":null,"operator":null,"openingHours":null,"charge":null,"tags":{"highway":"residential","name":"Zeughausstraße","parking:both":"lane","parking:both:orientation":"parallel","surface":"asphalt"}}},{"type":"Feature","id":"way/10619308#left","geometry":{"type":"LineString","coordinates":[[8.206867,53.141848],[8.206963,53.141931],[8.206927,53.142381]]},"properties":{"id":"way/10619308#left","kind":"street","name":"Leo-Trepp-Straße","parking":"street_side","side":"left","orientation":"parallel","fee":null,"feeConditional":null,"maxstay":null,"maxstayConditional":null,"restrictionConditional":null,"access":null,"residents":null,"disc":null,"capacity":null,"operator":null,"openingHours":null,"charge":null,"tags":{"highway":"residential","name":"Leo-Trepp-Straße","parking:left":"lane","parking:left:orientation":"parallel","surface":"asphalt"}}},{"type":"Feature","id":"way/10620146#left","geometry":{"type":"LineString","coordinates":[[8.206495,53.144874],[8.2065,53.144909],[8.2065,53.144944],[8.206451,53.145181],[8.206451,53.145206],[8.206465,53.145226],[8.206492,53.14524],[8.20653,53.145249],[8.207842,53.145466],[8.208332,53.145552],[8.209215,53.1457],[8.209451,53.14574],[8.210407,53.145902],[8.21054,53.145924],[8.210582,53.145929],[8.210624,53.145932],[8.210663,53.145933],[8.210717,53.145931],[8.210776,53.145925],[8.210847,53.145915],[8.210889,53.145908],[8.210983,53.145894]]},"properties":{"id":"way/10620146#left","kind":"street","name":"Brüderstraße","parking":"street_side","side":"left","orientation":"parallel","fee":"yes","feeConditional":null,"maxstay":null,"maxstayConditional":null,"restrictionConditional":null,"access":null,"residents":"B","disc":null,"capacity":null,"operator":null,"openingHours":null,"charge":null,"tags":{"highway":"residential","name":"Brüderstraße","parking:both:zone":"B","parking:fee":"yes","parking:left":"lane","parking:left:orientation":"parallel","surface":"unhewn_cobblestone"}}},{"type":"Feature","id":"way/10621039#both","geometry":{"type":"LineString","coordinates":[[8.20544,53.145999],[8.205412,53.146046],[8.205087,53.146723],[8.205078,53.146742],[8.205064,53.146756],[8.205038,53.146764],[8.205007,53.146765],[8.204968,53.14676],[8.203855,53.146571],[8.2038,53.146561],[8.203761,53.146554]]},"properties":{"id":"way/10621039#both","kind":"street","name":"Margaretenstraße","parking":"street_side","side":"both","orientation":"parallel","fee":null,"feeConditional":null,"maxstay":null,"maxstayConditional":null,"restrictionConditional":null,"access":null,"residents":null,"disc":null,"capacity":null,"operator":null,"openingHours":null,"charge":null,"tags":{"highway":"residential","name":"Margaretenstraße","parking:both":"half_on_kerb","parking:both:orientation":"parallel","surface":"unhewn_cobblestone"}}},{"type":"Feature","id":"way/10621168#right","geometry":{"type":"LineString","coordinates":[[8.20991,53.144548],[8.210024,53.144503],[8.210057,53.144492],[8.210766,53.144247]]},"properties":{"id":"way/10621168#right","kind":"street","name":"Grüne Straße","parking":"street_side","side":"right","orientation":null,"fee":null,"feeConditional":null,"maxstay":null,"maxstayConditional":null,"restrictionConditional":null,"access":null,"residents":null,"disc":null,"capacity":null,"operator":null,"openingHours":null,"charge":null,"tags":{"highway":"residential","name":"Grüne Straße","parking:left":"no","parking:left:restriction":"no_stopping","parking:right":"street_side","surface":"asphalt"}}},{"type":"Feature","id":"way/10792043#left","geometry":{"type":"LineString","coordinates":[[8.206203,53.1425],[8.206244,53.14242],[8.20651,53.142072]]},"properties":{"id":"way/10792043#left","kind":"street","name":"Steinweg","parking":"street_side","side":"left","orientation":"parallel","fee":null,"feeConditional":null,"maxstay":null,"maxstayConditional":null,"restrictionConditional":null,"access":null,"residents":null,"disc":null,"capacity":null,"operator":null,"openingHours":null,"charge":null,"tags":{"highway":"residential","name":"Steinweg","parking:left":"lane","parking:left:orientation":"parallel","surface":"asphalt"}}},{"type":"Feature","id":"way/10792046#left","geometry":{"type":"LineString","coordinates":[[8.205261,53.143951],[8.205255,53.143432],[8.205271,53.143359],[8.205319,53.143284],[8.205401,53.143207],[8.205852,53.142787],[8.205991,53.142659],[8.206023,53.142629],[8.20608,53.142578],[8.206203,53.1425]]},"properties":{"id":"way/10792046#left","kind":"street","name":"Steinweg","parking":"street_side","side":"left","orientation":"parallel","fee":"yes","feeConditional":null,"maxstay":null,"maxstayConditional":null,"restrictionConditional":null,"access":null,"residents":null,"disc":null,"capacity":null,"operator":null,"openingHours":null,"charge":null,"tags":{"highway":"residential","name":"Steinweg","parking:left":"lane","parking:left:fee":"yes","parking:left:orientation":"parallel","parking:right":"no","parking:right:restriction":"no_stopping","surface":"asphalt"}}},{"type":"Feature","id":"way/11406977#right","geometry":{"type":"LineString","coordinates":[[8.215568,53.151126],[8.215432,53.150736],[8.216201,53.150607],[8.216449,53.150565]]},"properties":{"id":"way/11406977#right","kind":"street","name":"Ehnernstraße","parking":"street_side","side":"right","orientation":"parallel","fee":null,"feeConditional":null,"maxstay":null,"maxstayConditional":null,"restrictionConditional":null,"access":null,"residents":null,"disc":null,"capacity":null,"operator":null,"openingHours":null,"charge":null,"tags":{"highway":"residential","name":"Ehnernstraße","parking:left":"no","parking:left:restriction":"no_stopping","parking:right":"on_kerb","parking:right:orientation":"parallel","surface":"asphalt"}}},{"type":"Feature","id":"way/11406984#right","geometry":{"type":"LineString","coordinates":[[8.215193,53.151751],[8.215136,53.151926],[8.214972,53.152249],[8.214586,53.153552],[8.214578,53.153583],[8.214503,53.15385],[8.214463,53.153989],[8.214393,53.15424],[8.214345,53.154409],[8.214319,53.154501],[8.214267,53.154688],[8.214168,53.154999],[8.214159,53.155027],[8.213976,53.155669],[8.213982,53.15569],[8.213991,53.155719]]},"properties":{"id":"way/11406984#right","kind":"street","name":"Rebenstraße","parking":"street_side","side":"right","orientation":"parallel","fee":null,"feeConditional":null,"maxstay":null,"maxstayConditional":null,"restrictionConditional":null,"access":null,"residents":null,"disc":null,"capacity":null,"operator":null,"openingHours":null,"charge":null,"tags":{"highway":"residential","name":"Rebenstraße","parking:left":"no","parking:right":"lane","parking:right:orientation":"parallel","surface":"asphalt"}}},{"type":"Feature","id":"way/12300529#both","geometry":{"type":"LineString","coordinates":[[8.233368,53.149957],[8.233326,53.150033],[8.233305,53.150072],[8.233267,53.150141],[8.233157,53.150424],[8.233043,53.150864],[8.232687,53.152259],[8.232576,53.152828],[8.232503,53.1532],[8.232481,53.15344],[8.232468,53.153596],[8.232456,53.15374],[8.232459,53.15394],[8.232456,53.154156],[8.232399,53.154784]]},"properties":{"id":"way/12300529#both","kind":"street","name":"Beverbäkstraße","parking":"street_side","side":"both","orientation":"parallel","fee":null,"feeConditional":null,"maxstay":null,"maxstayConditional":null,"restrictionConditional":null,"access":null,"residents":null,"disc":null,"capacity":null,"operator":null,"openingHours":null,"charge":null,"tags":{"highway":"residential","name":"Beverbäkstraße","parking:both":"street_side","parking:both:orientation":"parallel","surface":"asphalt"}}},{"type":"Feature","id":"way/13297856#both","geometry":{"type":"LineString","coordinates":[[8.219186,53.131825],[8.219466,53.131795],[8.219923,53.131748],[8.220018,53.131837],[8.220607,53.13239],[8.220664,53.132436]]},"properties":{"id":"way/13297856#both","kind":"street","name":"Charlottenstraße","parking":"street_side","side":"both","orientation":"parallel","fee":null,"feeConditional":null,"maxstay":null,"maxstayConditional":null,"restrictionConditional":null,"access":null,"residents":null,"disc":null,"capacity":null,"operator":null,"openingHours":null,"charge":null,"tags":{"highway":"residential","name":"Charlottenstraße","name:etymology:wikidata":"Q62550","parking:left":"half_on_kerb","parking:left:orientation":"parallel","parking:right":"shoulder","parking:right:orientation":"parallel"}}},{"type":"Feature","id":"way/15047263#both","geometry":{"type":"LineString","coordinates":[[8.236558,53.151202],[8.236477,53.15127],[8.236441,53.151302],[8.236364,53.151368],[8.236268,53.151449],[8.236184,53.151536],[8.236128,53.151664],[8.236109,53.151713],[8.236074,53.151802],[8.236064,53.151826],[8.236008,53.151966],[8.235981,53.152035],[8.235887,53.152271],[8.23563,53.152988],[8.235492,53.153577],[8.235451,53.153775],[8.235439,53.153848],[8.235406,53.154064],[8.235386,53.154176],[8.23537,53.154233],[8.235227,53.154891],[8.235177,53.154937]]},"properties":{"id":"way/15047263#both","kind":"street","name":"Kranbergstraße","parking":"street_side","side":"both","orientation":"parallel","fee":null,"feeConditional":null,"maxstay":null,"maxstayConditional":null,"restrictionConditional":null,"access":null,"residents":null,"disc":null,"capacity":null,"operator":null,"openingHours":null,"charge":null,"tags":{"highway":"residential","name":"Kranbergstraße","parking:both":"lane","parking:both:orientation":"parallel","parking:both:staggered":"yes","surface":"sett"}}},{"type":"Feature","id":"way/16197155#right","geometry":{"type":"LineString","coordinates":[[8.217573,53.141907],[8.218155,53.142172],[8.218172,53.14218],[8.218421,53.142293],[8.219003,53.142558]]},"properties":{"id":"way/16197155#right","kind":"street","name":"Bahnhofstraße","parking":"street_side","side":"right","orientation":"parallel","fee":null,"feeConditional":null,"maxstay":null,"maxstayConditional":null,"restrictionConditional":null,"access":null,"residents":"C","disc":null,"capacity":null,"operator":null,"openingHours":null,"charge":null,"tags":{"highway":"residential","name":"Bahnhofstraße","parking:left":"no","parking:right":"on_kerb","parking:right:orientation":"parallel","parking:right:zone":"C","surface":"sett"}}},{"type":"Feature","id":"way/16197158#right","geometry":{"type":"LineString","coordinates":[[8.22131,53.141057],[8.221261,53.141081],[8.221241,53.141089],[8.221221,53.141096],[8.221194,53.141103],[8.221179,53.141107],[8.221163,53.141113],[8.221152,53.141121],[8.221143,53.141129],[8.221065,53.141218],[8.220952,53.141344],[8.22086,53.141438],[8.22052,53.14179],[8.22048,53.141832],[8.220434,53.141879]]},"properties":{"id":"way/16197158#right","kind":"street","name":"Bleicherstraße","parking":"street_side","side":"right","orientation":"parallel","fee":"yes","feeConditional":null,"maxstay":null,"maxstayConditional":null,"restrictionConditional":null,"access":null,"residents":"C","disc":null,"capacity":null,"operator":null,"openingHours":null,"charge":null,"tags":{"highway":"residential","name":"Bleicherstraße","parking:lane:right:parallel":"on_curb","parking:right":"yes","parking:right:fee":"yes","parking:right:orientation":"parallel","parking:right:zone":"C","surface":"asphalt"}}},{"type":"Feature","id":"way/16197160#left","geometry":{"type":"LineString","coordinates":[[8.217134,53.143245],[8.217256,53.143195],[8.217903,53.142961],[8.218479,53.142742],[8.218593,53.142702],[8.219003,53.142558]]},"properties":{"id":"way/16197160#left","kind":"street","name":"Rosenstraße","parking":"street_side","side":"left","orientation":"parallel","fee":"yes","feeConditional":null,"maxstay":null,"maxstayConditional":null,"restrictionConditional":null,"access":null,"residents":null,"disc":null,"capacity":null,"operator":null,"openingHours":null,"charge":null,"tags":{"highway":"residential","name":"Rosenstraße","parking:left":"street_side","parking:left:fee":"yes","parking:left:orientation":"parallel","surface":"asphalt"}}},{"type":"Feature","id":"way/16197333#right","geometry":{"type":"LineString","coordinates":[[8.197031,53.141017],[8.196444,53.141161],[8.196139,53.141232],[8.195398,53.14139],[8.194089,53.141675]]},"properties":{"id":"way/16197333#right","kind":"street","name":"Lasiusstraße","parking":"street_side","side":"right","orientation":"parallel","fee":null,"feeConditional":null,"maxstay":null,"maxstayConditional":null,"restrictionConditional":null,"access":null,"residents":null,"disc":null,"capacity":null,"operator":null,"openingHours":null,"charge":null,"tags":{"highway":"residential","name":"Lasiusstraße","parking:left":"no","parking:right":"lane","parking:right:markings":"no","parking:right:orientation":"parallel","surface":"asphalt"}}},{"type":"Feature","id":"way/16267933#both","geometry":{"type":"LineString","coordinates":[[8.198887,53.141556],[8.198883,53.141536],[8.198875,53.141488],[8.19882,53.141145],[8.198799,53.141022],[8.198777,53.140939],[8.198741,53.140854]]},"properties":{"id":"way/16267933#both","kind":"street","name":"Fichtenstraße","parking":"street_side","side":"both","orientation":"parallel","fee":null,"feeConditional":null,"maxstay":null,"maxstayConditional":null,"restrictionConditional":null,"access":null,"residents":null,"disc":null,"capacity":null,"operator":null,"openingHours":null,"charge":null,"tags":{"highway":"residential","name":"Fichtenstraße","parking:both":"half_on_kerb","parking:both:orientation":"parallel","surface":"cobblestone"}}},{"type":"Feature","id":"way/16297731#both","geometry":{"type":"LineString","coordinates":[[8.219003,53.142558],[8.219345,53.142728],[8.21946,53.142778],[8.219665,53.142872],[8.220018,53.143024],[8.220417,53.143199],[8.220739,53.14335],[8.220792,53.143415],[8.220816,53.143456],[8.220849,53.143522]]},"properties":{"id":"way/16297731#both","kind":"street","name":"Bahnhofstraße","parking":"street_side","side":"both","orientation":null,"fee":"yes","feeConditional":null,"maxstay":null,"maxstayConditional":null,"restrictionConditional":null,"access":null,"residents":"C","disc":null,"capacity":null,"operator":null,"openingHours":null,"charge":null,"tags":{"highway":"residential","name":"Bahnhofstraße","parking:both":"on_kerb","parking:both:fee":"yes","parking:both:zone":"C","surface":"asphalt"}}},{"type":"Feature","id":"way/16297733#both","geometry":{"type":"LineString","coordinates":[[8.207523,53.138065],[8.20769,53.137955],[8.208099,53.137666],[8.208129,53.137636],[8.208146,53.137606],[8.208146,53.137597],[8.208144,53.137569]]},"properties":{"id":"way/16297733#both","kind":"street","name":"Bismarckstraße","parking":"street_side","side":"both","orientation":"parallel","fee":"yes","feeConditional":null,"maxstay":null,"maxstayConditional":null,"restrictionConditional":null,"access":null,"residents":null,"disc":null,"capacity":null,"operator":null,"openingHours":null,"charge":null,"tags":{"highway":"residential","name":"Bismarckstraße","parking:both":"half_on_kerb","parking:both:fee":"yes","parking:both:orientation":"parallel","surface":"sett"}}},{"type":"Feature","id":"way/16297735#both","geometry":{"type":"LineString","coordinates":[[8.20694,53.14],[8.207253,53.139793],[8.207446,53.139666],[8.207464,53.139651],[8.207551,53.139596],[8.207592,53.139569],[8.207664,53.139523],[8.207804,53.139434],[8.208,53.139308],[8.208085,53.139254],[8.208125,53.139228],[8.208253,53.139146],[8.208278,53.139131],[8.208287,53.139125],[8.208493,53.138993],[8.208737,53.138835]]},"properties":{"id":"way/16297735#both","kind":"street","name":"Cäcilienstraße","parking":"street_side","side":"both","orientation":"parallel","fee":"yes","feeConditional":null,"maxstay":null,"maxstayConditional":null,"restrictionConditional":null,"access":null,"residents":"A","disc":null,"capacity":null,"operator":null,"openingHours":null,"charge":null,"tags":{"highway":"residential","name":"Cäcilienstraße","parking:both:charge":"2 EUR/hour","parking:both:fee":"yes","parking:both:orientation":"parallel","parking:both:zone":"A","parking:left":"street_side","parking:right":"lane","parking:right:informal":"yes","surface":"sett"}}},{"type":"Feature","id":"way/16297745#both","geometry":{"type":"LineString","coordinates":[[8.195398,53.14139],[8.195373,53.141351],[8.195366,53.141341],[8.194095,53.140441]]},"properties":{"id":"way/16297745#both","kind":"street","name":"Pappelallee","parking":"street_side","side":"both","orientation":"parallel","fee":"no","feeConditional":null,"maxstay":null,"maxstayConditional":null,"restrictionConditional":null,"access":null,"residents":null,"disc":null,"capacity":null,"operator":null,"openingHours":null,"charge":null,"tags":{"highway":"residential","name":"Pappelallee","parking:both:fee":"no","parking:left":"lane","parking:left:orientation":"parallel","parking:right":"street_side","parking:right:orientation":"parallel","surface":"paving_stones"}}},{"type":"Feature","id":"way/16905082#left","geometry":{"type":"LineString","coordinates":[[8.200634,53.138233],[8.200346,53.13831],[8.200064,53.138395],[8.199287,53.138619],[8.197986,53.139014],[8.197208,53.139273],[8.196701,53.139455],[8.196209,53.13963],[8.195387,53.139935]]},"properties":{"id":"way/16905082#left","kind":"street","name":"Tirpitzstraße","parking":"street_side","side":"left","orientation":"parallel","fee":null,"feeConditional":null,"maxstay":null,"maxstayConditional":null,"restrictionConditional":null,"access":null,"residents":null,"disc":null,"capacity":null,"operator":null,"openingHours":null,"charge":null,"tags":{"highway":"residential","name":"Tirpitzstraße","parking:left":"lane","parking:left:orientation":"parallel","parking:right":"no","parking:right:restriction":"no_stopping","surface":"asphalt"}}},{"type":"Feature","id":"way/17071903#both","geometry":{"type":"LineString","coordinates":[[8.21368,53.137954],[8.213599,53.137987],[8.213548,53.138008],[8.213104,53.138118],[8.213052,53.138132],[8.212629,53.138249],[8.212557,53.138268],[8.212474,53.138254],[8.212401,53.138229],[8.21239,53.138224],[8.212293,53.138174]]},"properties":{"id":"way/17071903#both","kind":"street","name":"Theaterwall","parking":"street_side","side":"both","orientation":"diagonal","fee":"yes","feeConditional":null,"maxstay":null,"maxstayConditional":null,"restrictionConditional":null,"access":null,"residents":null,"disc":null,"capacity":null,"operator":null,"openingHours":null,"charge":null,"tags":{"highway":"residential","name":"Theaterwall","parking:both":"lane","parking:both:charge":"2.00 EUR/hour","parking:both:fee":"yes","parking:both:orientation":"diagonal","surface":"asphalt"}}},{"type":"Feature","id":"way/17600107#right","geometry":{"type":"LineString","coordinates":[[8.202004,53.132652],[8.203357,53.132664],[8.204405,53.132674],[8.204427,53.132675],[8.204478,53.132675]]},"properties":{"id":"way/17600107#right","kind":"street","name":"Amannstraße","parking":"street_side","side":"right","orientation":"parallel","fee":null,"feeConditional":null,"maxstay":null,"maxstayConditional":null,"restrictionConditional":null,"access":null,"residents":null,"disc":null,"capacity":null,"operator":null,"openingHours":null,"charge":null,"tags":{"highway":"residential","name":"Amannstraße","parking:condition:right":"free","parking:left":"no","parking:left:restriction":"no_stopping","parking:right":"lane","parking:right:orientation":"parallel","surface":"paving_stones"}}},{"type":"Feature","id":"way/17658372#both","geometry":{"type":"LineString","coordinates":[[8.200605,53.133718],[8.200615,53.133694],[8.200624,53.133671],[8.201317,53.131921],[8.201388,53.131798],[8.201366,53.131695]]},"properties":{"id":"way/17658372#both","kind":"street","name":"Kleiststraße","parking":"street_side","side":"both","orientation":"parallel","fee":null,"feeConditional":null,"maxstay":null,"maxstayConditional":null,"restrictionConditional":null,"access":null,"residents":null,"disc":null,"capacity":null,"operator":null,"openingHours":null,"charge":null,"tags":{"highway":"residential","name":"Kleiststraße","parking:left":"half_on_kerb","parking:left:markings":"no","parking:left:orientation":"parallel","parking:right":"lane","parking:right:markings":"no","parking:right:orientation":"parallel","surface":"asphalt"}}},{"type":"Feature","id":"way/17658375#right","geometry":{"type":"LineString","coordinates":[[8.203291,53.133986],[8.203292,53.133957],[8.203293,53.133941],[8.203357,53.132664],[8.203384,53.131927],[8.203376,53.13188],[8.203358,53.131851]]},"properties":{"id":"way/17658375#right","kind":"street","name":"Vereinigungsstraße","parking":"street_side","side":"right","orientation":"parallel","fee":null,"feeConditional":null,"maxstay":null,"maxstayConditional":null,"restrictionConditional":null,"access":null,"residents":null,"disc":null,"capacity":null,"operator":null,"openingHours":null,"charge":null,"tags":{"highway":"residential","name":"Vereinigungsstraße","parking:condition:right":"free","parking:left":"no","parking:left:restriction":"no_parking","parking:right":"street_side","parking:right:orientation":"parallel","surface":"asphalt"}}},{"type":"Feature","id":"way/17658377#right","geometry":{"type":"LineString","coordinates":[[8.201592,53.133843],[8.201601,53.133817],[8.201613,53.133784],[8.202004,53.132652],[8.202259,53.131908],[8.202293,53.131799],[8.202306,53.13178],[8.20232,53.131768],[8.202353,53.131758],[8.202387,53.131755],[8.202451,53.131759],[8.203232,53.131819],[8.203304,53.13183],[8.203358,53.131851]]},"properties":{"id":"way/17658377#right","kind":"street","name":"Schillerstraße","parking":"street_side","side":"right","orientation":"parallel","fee":null,"feeConditional":null,"maxstay":null,"maxstayConditional":null,"restrictionConditional":null,"access":null,"residents":null,"disc":null,"capacity":null,"operator":null,"openingHours":null,"charge":null,"tags":{"highway":"residential","name":"Schillerstraße","parking:condition:right":"free","parking:left":"no","parking:left:restriction":"no_stopping","parking:right":"lane","parking:right:orientation":"parallel","surface":"paving_stones"}}},{"type":"Feature","id":"way/18968919#right","geometry":{"type":"LineString","coordinates":[[8.187463,53.143129],[8.188349,53.143],[8.188914,53.142918],[8.189124,53.142887],[8.190396,53.142698]]},"properties":{"id":"way/18968919#right","kind":"street","name":"Unter den Linden","parking":"street_side","side":"right","orientation":"parallel","fee":null,"feeConditional":null,"maxstay":null,"maxstayConditional":null,"restrictionConditional":null,"access":null,"residents":null,"disc":null,"capacity":null,"operator":null,"openingHours":null,"charge":null,"tags":{"highway":"residential","name":"Unter den Linden","parking:left":"no","parking:right":"street_side","parking:right:orientation":"parallel","surface":"asphalt"}}},{"type":"Feature","id":"way/19845374#both","geometry":{"type":"LineString","coordinates":[[8.215207,53.142587],[8.215294,53.142626],[8.215347,53.142642],[8.216015,53.142843],[8.21628,53.142959],[8.216362,53.142994],[8.217052,53.143295],[8.217154,53.143329],[8.217319,53.1434],[8.217459,53.143464],[8.217803,53.143619],[8.218091,53.143747],[8.218178,53.143784],[8.218275,53.143836],[8.218298,53.143867],[8.218337,53.143922],[8.218369,53.143968]]},"properties":{"id":"way/19845374#both","kind":"street","name":"Osterstraße","parking":"street_side","side":"both","orientation":"parallel","fee":"yes","feeConditional":null,"maxstay":null,"maxstayConditional":null,"restrictionConditional":null,"access":null,"residents":"C","disc":null,"capacity":null,"operator":null,"openingHours":null,"charge":null,"tags":{"highway":"residential","name":"Osterstraße","parking:both":"street_side","parking:both:fee":"yes","parking:both:orientation":"parallel","parking:both:zone":"C","surface":"asphalt"}}},{"type":"Feature","id":"way/20819147#both","geometry":{"type":"LineString","coordinates":[[8.200562,53.141456],[8.200555,53.141411],[8.200501,53.141232],[8.200129,53.139991]]},"properties":{"id":"way/20819147#both","kind":"street","name":"Jahnstraße","parking":"street_side","side":"both","orientation":"parallel","fee":"no","feeConditional":null,"maxstay":null,"maxstayConditional":null,"restrictionConditional":null,"access":null,"residents":null,"disc":null,"capacity":null,"operator":null,"openingHours":null,"charge":null,"tags":{"highway":"residential","name":"Jahnstraße","parking:both":"half_on_kerb","parking:both:fee":"no","parking:both:orientation":"parallel","surface":"asphalt"}}},{"type":"Feature","id":"way/20891698","geometry":{"type":"Polygon","coordinates":[[[8.229266,53.148141],[8.229659,53.148187],[8.230289,53.148256],[8.230888,53.148313],[8.231041,53.147911],[8.232955,53.148158],[8.232966,53.148111],[8.232975,53.14807],[8.233223,53.146956],[8.232931,53.14692],[8.23294,53.146883],[8.232955,53.146817],[8.230894,53.14656],[8.230248,53.14648],[8.229873,53.146433],[8.229487,53.147519],[8.229443,53.147645],[8.229362,53.147871],[8.229266,53.148141]]]},"properties":{"id":"way/20891698","kind":"lot","name":"Weser-Ems-Halle Parkplatz 3","parking":"surface","capacity":4500,"fee":"yes","feeConditional":null,"maxstay":null,"maxstayConditional":null,"access":"customers","operator":"Weser-Ems-Halle","openingHours":null,"residents":null,"disc":null,"charge":null,"tags":{"access":"customers","amenity":"parking","capacity":"4500","fee":"yes","name":"Weser-Ems-Halle Parkplatz 3","operator":"Weser-Ems-Halle","parking":"surface"}}},{"type":"Feature","id":"way/21599313#both","geometry":{"type":"LineString","coordinates":[[8.206079,53.136591],[8.206183,53.137216],[8.206212,53.137396],[8.206216,53.137419],[8.206219,53.137439],[8.206254,53.137648],[8.206258,53.137675]]},"properties":{"id":"way/21599313#both","kind":"street","name":"Parkstraße","parking":"street_side","side":"both","orientation":"parallel","fee":"yes","feeConditional":null,"maxstay":null,"maxstayConditional":null,"restrictionConditional":null,"access":null,"residents":"A","disc":null,"capacity":null,"operator":null,"openingHours":null,"charge":null,"tags":{"highway":"residential","name":"Parkstraße","parking:both":"half_on_kerb","parking:both:fee":"yes","parking:both:informal":"yes","parking:both:orientation":"parallel","parking:both:zone":"A","surface":"compacted"}}},{"type":"Feature","id":"way/21599314#both","geometry":{"type":"LineString","coordinates":[[8.20728,53.137613],[8.207276,53.137583],[8.20725,53.137403],[8.207219,53.137181],[8.207164,53.136798],[8.207158,53.136754],[8.207148,53.136682],[8.20714,53.136627],[8.207124,53.136519],[8.207106,53.136498]]},"properties":{"id":"way/21599314#both","kind":"street","name":"Teichstraße","parking":"street_side","side":"both","orientation":"parallel","fee":"yes","feeConditional":null,"maxstay":null,"maxstayConditional":null,"restrictionConditional":null,"access":null,"residents":"A","disc":null,"capacity":null,"operator":null,"openingHours":null,"charge":null,"tags":{"highway":"residential","name":"Teichstraße","parking:both":"half_on_kerb","parking:both:fee":"yes","parking:both:informal":"yes","parking:both:orientation":"parallel","parking:both:zone":"A","surface":"sett"}}},{"type":"Feature","id":"way/21599618#both","geometry":{"type":"LineString","coordinates":[[8.208348,53.13746],[8.208506,53.137379],[8.209584,53.136645],[8.210346,53.136127],[8.210784,53.135828],[8.210877,53.135765],[8.21104,53.135656]]},"properties":{"id":"way/21599618#both","kind":"street","name":"Bismarckstraße","parking":"street_side","side":"both","orientation":"parallel","fee":"yes","feeConditional":null,"maxstay":null,"maxstayConditional":null,"restrictionConditional":null,"access":null,"residents":"A","disc":null,"capacity":null,"operator":null,"openingHours":null,"charge":null,"tags":{"highway":"residential","name":"Bismarckstraße","parking:both":"half_on_kerb","parking:both:fee":"yes","parking:both:orientation":"parallel","parking:both:zone":"A"}}},{"type":"Feature","id":"way/21599983#right","geometry":{"type":"LineString","coordinates":[[8.206814,53.134569],[8.206724,53.134673],[8.206739,53.134826],[8.206754,53.134974],[8.206783,53.135273],[8.206804,53.135477],[8.20686,53.136037],[8.206871,53.136148],[8.206886,53.136299],[8.206917,53.136506]]},"properties":{"id":"way/21599983#right","kind":"street","name":"Dobbenstraße","parking":"street_side","side":"right","orientation":"parallel","fee":"yes","feeConditional":null,"maxstay":null,"maxstayConditional":null,"restrictionConditional":null,"access":null,"residents":"A","disc":null,"capacity":null,"operator":null,"openingHours":null,"charge":null,"tags":{"highway":"residential","name":"Dobbenstraße","parking:left":"no","parking:left:reason":"narrow","parking:right":"on_kerb","parking:right:fee":"yes","parking:right:orientation":"parallel","parking:right:zone":"A","surface":"cobblestone"}}},{"type":"Feature","id":"way/21599985#both","geometry":{"type":"LineString","coordinates":[[8.205854,53.136583],[8.205658,53.134938],[8.206464,53.134464],[8.206548,53.134415]]},"properties":{"id":"way/21599985#both","kind":"street","name":"Taubenstraße","parking":"street_side","side":"both","orientation":"parallel","fee":"yes","feeConditional":null,"maxstay":null,"maxstayConditional":null,"restrictionConditional":null,"access":null,"residents":"A","disc":null,"capacity":null,"operator":null,"openingHours":null,"charge":null,"tags":{"highway":"residential","name":"Taubenstraße","parking:both":"half_on_kerb","parking:both:fee":"yes","parking:both:orientation":"parallel","parking:both:zone":"A","surface":"cobblestone"}}},{"type":"Feature","id":"way/21615482#right","geometry":{"type":"LineString","coordinates":[[8.204505,53.132132],[8.204548,53.132134],[8.204566,53.132135],[8.205758,53.132328],[8.20707,53.13255]]},"properties":{"id":"way/21615482#right","kind":"street","name":"Am Schloßgarten","parking":"street_side","side":"right","orientation":"parallel","fee":"yes","feeConditional":null,"maxstay":null,"maxstayConditional":null,"restrictionConditional":null,"access":null,"residents":null,"disc":null,"capacity":null,"operator":null,"openingHours":null,"charge":null,"tags":{"highway":"residential","name":"Am Schloßgarten","parking:both:fee":"yes","parking:left":"no","parking:left:restriction":"no_stopping","parking:right":"street_side","parking:right:orientation":"parallel","surface":"asphalt"}}},{"type":"Feature","id":"way/21615485#both","geometry":{"type":"LineString","coordinates":[[8.20707,53.13255],[8.206747,53.133352],[8.206607,53.133684],[8.206301,53.134125],[8.206207,53.13421]]},"properties":{"id":"way/21615485#both","kind":"street","name":"Wilhelm-Wisser-Straße","parking":"street_side","side":"both","orientation":"parallel","fee":"yes","feeConditional":null,"maxstay":null,"maxstayConditional":null,"restrictionConditional":null,"access":null,"residents":null,"disc":null,"capacity":null,"operator":null,"openingHours":null,"charge":null,"tags":{"highway":"residential","name":"Wilhelm-Wisser-Straße","name:etymology:wikidata":"Q105040","parking:both":"half_on_kerb","parking:both:fee":"yes","parking:both:orientation":"parallel","surface":"asphalt"}}},{"type":"Feature","id":"way/21615490#both","geometry":{"type":"LineString","coordinates":[[8.205558,53.133269],[8.205758,53.132328]]},"properties":{"id":"way/21615490#both","kind":"street","name":"Fritz-Reuter-Straße","parking":"street_side","side":"both","orientation":"parallel","fee":"yes","feeConditional":null,"maxstay":null,"maxstayConditional":null,"restrictionConditional":null,"access":null,"residents":null,"disc":null,"capacity":null,"operator":null,"openingHours":null,"charge":null,"tags":{"highway":"residential","name":"Fritz-Reuter-Straße","parking:both":"half_on_kerb","parking:both:fee":"yes","parking:both:orientation":"parallel","surface":"asphalt"}}},{"type":"Feature","id":"way/21615497#both","geometry":{"type":"LineString","coordinates":[[8.214823,53.133283],[8.214942,53.133098],[8.215199,53.132268]]},"properties":{"id":"way/21615497#both","kind":"street","name":"Bachstraße","parking":"street_side","side":"both","orientation":"parallel","fee":"yes","feeConditional":null,"maxstay":null,"maxstayConditional":null,"restrictionConditional":null,"access":null,"residents":"E","disc":null,"capacity":null,"operator":null,"openingHours":null,"charge":null,"tags":{"highway":"residential","name":"Bachstraße","parking:both":"half_on_kerb","parking:both:fee":"yes","parking:both:orientation":"parallel","parking:both:zone":"E","surface":"asphalt"}}},{"type":"Feature","id":"way/21840966","geometry":{"type":"Polygon","coordinates":[[[8.222789,53.145182],[8.222794,53.145179],[8.222419,53.145239],[8.222423,53.145239],[8.222424,53.145242],[8.222396,53.145277],[8.222433,53.145288],[8.222439,53.145289],[8.222494,53.14528],[8.222523,53.145276],[8.222551,53.145271],[8.222569,53.145268],[8.222604,53.145263],[8.222639,53.145257],[8.222655,53.145255],[8.222734,53.145242],[8.222789,53.145182]]]},"properties":{"id":"way/21840966","kind":"street","name":null,"parking":"street_side","capacity":7,"fee":"yes","feeConditional":null,"maxstay":"2 hours","maxstayConditional":null,"access":null,"operator":null,"openingHours":null,"residents":null,"disc":null,"charge":null,"tags":{"amenity":"parking","capacity":"7","fee":"yes","maxstay":"2 hours","parking":"street_side","surface":"paving_stones"}}},{"type":"Feature","id":"way/21852522#left","geometry":{"type":"LineString","coordinates":[[8.218986,53.139937],[8.219063,53.139964],[8.21926,53.140035],[8.219441,53.140097],[8.219474,53.140108],[8.219576,53.140141],[8.219647,53.140158],[8.219721,53.140166],[8.219799,53.140166],[8.220002,53.140166],[8.220271,53.140165]]},"properties":{"id":"way/21852522#left","kind":"street","name":"Huntestraße","parking":"street_side","side":"left","orientation":"diagonal","fee":"yes","feeConditional":null,"maxstay":null,"maxstayConditional":null,"restrictionConditional":null,"access":null,"residents":"D","disc":null,"capacity":null,"operator":null,"openingHours":null,"charge":null,"tags":{"highway":"residential","name":"Huntestraße","parking:both:fee":"yes","parking:both:zone":"D","parking:left":"street_side","parking:left:orientation":"diagonal","parking:right":"no","surface":"asphalt"}}},{"type":"Feature","id":"way/21852524#both","geometry":{"type":"LineString","coordinates":[[8.222079,53.138892],[8.222067,53.139019],[8.222064,53.139046],[8.222059,53.139337],[8.222063,53.139594],[8.222063,53.139639],[8.22205,53.139998],[8.222046,53.140077]]},"properties":{"id":"way/21852524#both","kind":"street","name":"Nikolausstraße","parking":"street_side","side":"both","orientation":"parallel","fee":null,"feeConditional":null,"maxstay":null,"maxstayConditional":null,"restrictionConditional":null,"access":null,"residents":"D","disc":null,"capacity":null,"operator":null,"openingHours":null,"charge":null,"tags":{"highway":"residential","name":"Nikolausstraße","parking:both":"half_on_kerb","parking:both:orientation":"parallel","parking:both:zone":"D","surface":"asphalt"}}},{"type":"Feature","id":"way/22516174#right","geometry":{"type":"LineString","coordinates":[[8.207419,53.138139],[8.207471,53.138172],[8.208737,53.138835]]},"properties":{"id":"way/22516174#right","kind":"street","name":"Cäcilienplatz","parking":"street_side","side":"right","orientation":"parallel","fee":"yes","feeConditional":null,"maxstay":null,"maxstayConditional":null,"restrictionConditional":null,"access":null,"residents":"A","disc":null,"capacity":null,"operator":null,"openingHours":null,"charge":null,"tags":{"highway":"residential","name":"Cäcilienplatz","parking:both:fee":"yes","parking:both:zone":"A","parking:left":"no","parking:left:restriction":"no_stopping","parking:right":"lane","parking:right:orientation":"parallel","surface":"asphalt"}}},{"type":"Feature","id":"way/22516292#left","geometry":{"type":"LineString","coordinates":[[8.201953,53.141426],[8.201945,53.141374],[8.201935,53.141311],[8.201793,53.140412],[8.20175,53.13998],[8.201727,53.139712]]},"properties":{"id":"way/22516292#left","kind":"street","name":"Ratsherr-Schulze-Straße","parking":"street_side","side":"left","orientation":"parallel","fee":"no","feeConditional":null,"maxstay":null,"maxstayConditional":null,"restrictionConditional":null,"access":null,"residents":null,"disc":null,"capacity":null,"operator":null,"openingHours":null,"charge":null,"tags":{"highway":"residential","name":"Ratsherr-Schulze-Straße","parking:left":"half_on_kerb","parking:left:fee":"no","parking:left:orientation":"parallel","parking:right":"no","parking:right:restriction":"no_parking","surface":"asphalt"}}},{"type":"Feature","id":"way/22893224","geometry":{"type":"Polygon","coordinates":[[[8.204807,53.12837],[8.204841,53.128467],[8.204927,53.128521],[8.206557,53.128503],[8.207382,53.128466],[8.207924,53.128434],[8.208015,53.128371],[8.208013,53.128279],[8.207993,53.128197],[8.207959,53.128142],[8.207169,53.128179],[8.206415,53.128186],[8.204895,53.128186],[8.204839,53.128248],[8.204807,53.12837]]]},"properties":{"id":"way/22893224","kind":"lot","name":"Park & Ride Marschweg / OLantis Huntebad","parking":"surface","capacity":555,"fee":"no","feeConditional":null,"maxstay":null,"maxstayConditional":null,"access":"yes","operator":null,"openingHours":null,"residents":null,"disc":null,"charge":null,"tags":{"access":"yes","amenity":"parking","capacity":"555","fee":"no","name":"Park & Ride Marschweg / OLantis Huntebad","park_ride":"yes","parking":"surface","supervised":"no"}}},{"type":"Feature","id":"way/22894190","geometry":{"type":"Polygon","coordinates":[[[8.195418,53.131733],[8.195368,53.131812],[8.19597,53.131957],[8.196003,53.131909],[8.196337,53.13199],[8.196308,53.132033],[8.19653,53.132087],[8.196622,53.131939],[8.195463,53.131666],[8.195418,53.131733]]]},"properties":{"id":"way/22894190","kind":"lot","name":null,"parking":"surface","capacity":null,"fee":"no","feeConditional":null,"maxstay":null,"maxstayConditional":null,"access":"yes","operator":null,"openingHours":null,"residents":null,"disc":null,"charge":null,"tags":{"access":"yes","amenity":"parking","fee":"no","parking":"surface"}}},{"type":"Feature","id":"way/22902679#left","geometry":{"type":"LineString","coordinates":[[8.212179,53.131877],[8.212243,53.131884],[8.215199,53.132268],[8.215932,53.13236],[8.216624,53.132458],[8.217084,53.132551]]},"properties":{"id":"way/22902679#left","kind":"street","name":"Schleusenstraße","parking":"street_side","side":"left","orientation":"parallel","fee":null,"feeConditional":null,"maxstay":null,"maxstayConditional":null,"restrictionConditional":null,"access":null,"residents":"E","disc":null,"capacity":null,"operator":null,"openingHours":null,"charge":null,"tags":{"highway":"residential","name":"Schleusenstraße","parking:both:zone":"E","parking:left":"lane","parking:left:orientation":"parallel","parking:right":"no","parking:right:restriction":"no_stopping","surface":"asphalt"}}},{"type":"Feature","id":"way/22981469","geometry":{"type":"Polygon","coordinates":[[[8.217808,53.14034],[8.217847,53.140343],[8.21787,53.140241],[8.217578,53.14022],[8.217454,53.140215],[8.21737,53.140214],[8.217326,53.140222],[8.217291,53.140235],[8.217271,53.140216],[8.217164,53.140251],[8.217065,53.140271],[8.217089,53.140275],[8.217124,53.140288],[8.217134,53.140301],[8.217138,53.140315],[8.217134,53.140328],[8.217123,53.140337],[8.217136,53.140345],[8.217176,53.140366],[8.217236,53.140422],[8.217308,53.140396],[8.217393,53.140375],[8.217517,53.140364],[8.217688,53.140377],[8.217674,53.140418],[8.217766,53.140424],[8.217808,53.14034]]]},"properties":{"id":"way/22981469","kind":"lot","name":null,"parking":"surface","capacity":28,"fee":"yes","feeConditional":null,"maxstay":null,"maxstayConditional":null,"access":"yes","operator":null,"openingHours":null,"residents":null,"disc":null,"charge":null,"tags":{"access":"yes","amenity":"parking","capacity":"28","capacity:disabled":"1","fee":"yes","parking":"surface"}}},{"type":"Feature","id":"way/23024367","geometry":{"type":"Polygon","coordinates":[[[8.192208,53.135642],[8.192959,53.134007],[8.192711,53.133966],[8.192412,53.133916],[8.191662,53.135552],[8.191769,53.135571],[8.19207,53.135619],[8.192208,53.135642]]]},"properties":{"id":"way/23024367","kind":"lot","name":"Park & Ride Prinzessinweg","parking":"surface","capacity":202,"fee":"no","feeConditional":null,"maxstay":null,"maxstayConditional":null,"access":"yes","operator":null,"openingHours":null,"residents":null,"disc":null,"charge":null,"tags":{"access":"yes","amenity":"parking","capacity":"202","fee":"no","name":"Park & Ride Prinzessinweg","park_ride":"yes","parking":"surface","supervised":"no"}}},{"type":"Feature","id":"way/23044499","geometry":{"type":"Polygon","coordinates":[[[8.212044,53.137918],[8.212358,53.137697],[8.212563,53.137645],[8.212472,53.137508],[8.212201,53.137544],[8.212193,53.137409],[8.212389,53.137388],[8.212299,53.137255],[8.21198,53.137228],[8.211706,53.137297],[8.211628,53.13746],[8.211688,53.137713],[8.211781,53.137959],[8.211971,53.137955],[8.212044,53.137918]]]},"properties":{"id":"way/23044499","kind":"lot","name":"Theaterwall","parking":"surface","capacity":93,"fee":"yes","feeConditional":null,"maxstay":null,"maxstayConditional":null,"access":"yes","operator":null,"openingHours":null,"residents":null,"disc":null,"charge":null,"tags":{"access":"yes","amenity":"parking","capacity":"93","fee":"yes","name":"Theaterwall","park_ride":"no","parking":"surface","supervised":"no","surface":"asphalt"}}},{"type":"Feature","id":"way/24024952","geometry":{"type":"Polygon","coordinates":[[[8.19042,53.142639],[8.190151,53.14186],[8.190564,53.141834],[8.19058,53.141879],[8.1907,53.142234],[8.190838,53.142584],[8.190812,53.142588],[8.19042,53.142639]]]},"properties":{"id":"way/24024952","kind":"lot","name":null,"parking":"surface","capacity":null,"fee":"no","feeConditional":null,"maxstay":null,"maxstayConditional":null,"access":"yes","operator":null,"openingHours":null,"residents":null,"disc":null,"charge":null,"tags":{"access":"yes","amenity":"parking","fee":"no","parking":"surface","surface":"paving_stones"}}},{"type":"Feature","id":"way/24386536#left","geometry":{"type":"LineString","coordinates":[[8.207003,53.140392],[8.206951,53.140073]]},"properties":{"id":"way/24386536#left","kind":"street","name":"Herbartstraße","parking":"street_side","side":"left","orientation":"parallel","fee":"yes","feeConditional":null,"maxstay":null,"maxstayConditional":null,"restrictionConditional":null,"access":null,"residents":"A","disc":null,"capacity":7,"operator":null,"openingHours":null,"charge":null,"tags":{"highway":"residential","name":"Herbartstraße","parking:left":"lane","parking:left:capacity":"7","parking:left:charge":"2.00 EUR/hour","parking:left:fee":"yes","parking:left:orientation":"parallel","parking:left:zone":"A","parking:right":"no","parking:right:restriction":"no_parking","surface":"asphalt"}}},{"type":"Feature","id":"way/24648581","geometry":{"type":"Polygon","coordinates":[[[8.224236,53.130609],[8.224082,53.130503],[8.224067,53.130415],[8.224476,53.130355],[8.224314,53.130519],[8.224236,53.130609]]]},"properties":{"id":"way/24648581","kind":"lot","name":"Osternburger Markt","parking":"surface","capacity":null,"fee":"no","feeConditional":null,"maxstay":null,"maxstayConditional":null,"access":"yes","operator":null,"openingHours":null,"residents":null,"disc":null,"charge":null,"tags":{"access":"yes","amenity":"parking","fee":"no","name":"Osternburger Markt","parking":"surface"}}},{"type":"Feature","id":"way/24862674#both","geometry":{"type":"LineString","coordinates":[[8.220285,53.139339],[8.220271,53.140165]]},"properties":{"id":"way/24862674#both","kind":"street","name":"Friederikenstraße","parking":"street_side","side":"both","orientation":"parallel","fee":null,"feeConditional":null,"maxstay":null,"maxstayConditional":null,"restrictionConditional":null,"access":null,"residents":"D","disc":null,"capacity":null,"operator":null,"openingHours":null,"charge":null,"tags":{"highway":"residential","name":"Friederikenstraße","parking:both":"half_on_kerb","parking:both:orientation":"parallel","parking:both:zone":"D","surface":"sett"}}},{"type":"Feature","id":"way/24862676#left","geometry":{"type":"LineString","coordinates":[[8.197682,53.14163],[8.197534,53.141649],[8.197448,53.141664],[8.196948,53.141758],[8.196731,53.141799],[8.196522,53.141845],[8.196302,53.141897],[8.196243,53.141911],[8.196118,53.141944],[8.195993,53.141982],[8.195823,53.142037],[8.195633,53.142104],[8.195493,53.142162],[8.195357,53.142219],[8.195313,53.142237],[8.195289,53.142247],[8.195065,53.142338],[8.194941,53.142348]]},"properties":{"id":"way/24862676#left","kind":"street","name":"Haarenufer","parking":"street_side","side":"left","orientation":"parallel","fee":"no","feeConditional":null,"maxstay":null,"maxstayConditional":null,"restrictionConditional":null,"access":null,"residents":null,"disc":null,"capacity":null,"operator":null,"openingHours":null,"charge":null,"tags":{"highway":"residential","name":"Haarenufer","parking:left":"lane","parking:left:fee":"no","parking:left:orientation":"parallel","parking:right":"no","surface":"paving_stones"}}},{"type":"Feature","id":"way/24889662","geometry":{"type":"Polygon","coordinates":[[[8.228595,53.131307],[8.22851,53.131192],[8.228484,53.131036],[8.228208,53.130614],[8.229055,53.13042],[8.229275,53.130787],[8.229723,53.130682],[8.229812,53.130827],[8.229916,53.130997],[8.228595,53.131307]]]},"properties":{"id":"way/24889662","kind":"lot","name":null,"parking":"surface","capacity":null,"fee":null,"feeConditional":null,"maxstay":null,"maxstayConditional":null,"access":null,"operator":null,"openingHours":null,"residents":null,"disc":null,"charge":null,"tags":{"amenity":"parking","parking":"surface"}}},{"type":"Feature","id":"way/24889671","geometry":{"type":"Polygon","coordinates":[[[8.235747,53.128447],[8.235556,53.128326],[8.235973,53.12823],[8.235709,53.127818],[8.235784,53.127775],[8.235723,53.127672],[8.236193,53.127563],[8.236355,53.127818],[8.236363,53.127817],[8.236378,53.127841],[8.236394,53.127866],[8.236596,53.12782],[8.236742,53.127814],[8.236774,53.127673],[8.236841,53.127673],[8.236763,53.128224],[8.236642,53.128266],[8.235747,53.128447]]]},"properties":{"id":"way/24889671","kind":"lot","name":null,"parking":"surface","capacity":null,"fee":"no","feeConditional":null,"maxstay":null,"maxstayConditional":null,"access":"customers","operator":null,"openingHours":null,"residents":null,"disc":null,"charge":null,"tags":{"access":"customers","amenity":"parking","fee":"no","parking":"surface"}}},{"type":"Feature","id":"way/27046062","geometry":{"type":"Polygon","coordinates":[[[8.208901,53.127995],[8.210576,53.127704],[8.211446,53.127515],[8.21146,53.127534],[8.211564,53.127662],[8.211663,53.12778],[8.211707,53.127797],[8.21038,53.128103],[8.208928,53.128351],[8.208895,53.128301],[8.208819,53.128184],[8.208806,53.128067],[8.208901,53.127995]]]},"properties":{"id":"way/27046062","kind":"lot","name":"Park & Ride Marschweg / OLantis Huntebad","parking":"surface","capacity":555,"fee":"no","feeConditional":null,"maxstay":null,"maxstayConditional":null,"access":"yes","operator":null,"openingHours":null,"residents":null,"disc":null,"charge":null,"tags":{"access":"yes","amenity":"parking","capacity":"555","fee":"no","name":"Park & Ride Marschweg / OLantis Huntebad","park_ride":"yes","parking":"surface","supervised":"no"}}},{"type":"Feature","id":"way/27124296","geometry":{"type":"Polygon","coordinates":[[[8.209497,53.145708],[8.209526,53.145528],[8.20963,53.145501],[8.209488,53.14532],[8.209638,53.145277],[8.209609,53.145241],[8.209589,53.145219],[8.209301,53.145213],[8.209283,53.14524],[8.209269,53.145234],[8.209252,53.145249],[8.209235,53.145264],[8.209236,53.145287],[8.209234,53.145296],[8.209231,53.145305],[8.209211,53.14533],[8.209216,53.145383],[8.209178,53.145654],[8.209221,53.145661],[8.209458,53.145701],[8.209497,53.145708]]]},"properties":{"id":"way/27124296","kind":"lot","name":null,"parking":"surface","capacity":30,"fee":"yes","feeConditional":null,"maxstay":null,"maxstayConditional":null,"access":"yes","operator":null,"openingHours":null,"residents":null,"disc":null,"charge":"0,60€/1h","tags":{"access":"yes","amenity":"parking","capacity":"30","charge":"0,60€/1h","fee":"yes","parking":"surface","surface":"asphalt"}}},{"type":"Feature","id":"way/27178212","geometry":{"type":"Polygon","coordinates":[[[8.191349,53.143989],[8.191693,53.143845],[8.191369,53.143255],[8.191204,53.143303],[8.191241,53.143366],[8.191196,53.143382],[8.190899,53.14349],[8.190805,53.143567],[8.19092,53.143745],[8.191117,53.144056],[8.191137,53.144088],[8.191349,53.143989]]]},"properties":{"id":"way/27178212","kind":"street","name":null,"parking":"street_side","capacity":null,"fee":"no","feeConditional":null,"maxstay":null,"maxstayConditional":null,"access":"yes","operator":null,"openingHours":null,"residents":null,"disc":null,"charge":null,"tags":{"access":"yes","amenity":"parking","fee":"no","parking":"street_side"}}},{"type":"Feature","id":"way/27178355","geometry":{"type":"Polygon","coordinates":[[[8.19108,53.143062],[8.191159,53.143201],[8.191469,53.143124],[8.191387,53.143009],[8.19108,53.143062]]]},"properties":{"id":"way/27178355","kind":"lot","name":null,"parking":"surface","capacity":null,"fee":"no","feeConditional":null,"maxstay":null,"maxstayConditional":null,"access":"customers","operator":null,"openingHours":null,"residents":null,"disc":null,"charge":null,"tags":{"access":"customers","amenity":"parking","fee":"no","parking":"surface"}}},{"type":"Feature","id":"way/27631443","geometry":{"type":"Polygon","coordinates":[[[8.193608,53.133399],[8.19361,53.133353],[8.193529,53.133352],[8.193483,53.133351],[8.193388,53.13335],[8.193208,53.133347],[8.193161,53.133452],[8.193135,53.133549],[8.193113,53.133632],[8.193314,53.133633],[8.193355,53.133634],[8.193358,53.133591],[8.193366,53.133398],[8.193608,53.133399]]]},"properties":{"id":"way/27631443","kind":"lot","name":null,"parking":"surface","capacity":null,"fee":"no","feeConditional":null,"maxstay":null,"maxstayConditional":null,"access":"yes","operator":null,"openingHours":null,"residents":null,"disc":null,"charge":null,"tags":{"access":"yes","amenity":"parking","fee":"no","parking":"surface"}}},{"type":"Feature","id":"way/28344575","geometry":{"type":"Polygon","coordinates":[[[8.194861,53.147786],[8.194827,53.147836],[8.194786,53.147896],[8.194797,53.147912],[8.194826,53.147909],[8.195406,53.148073],[8.19571,53.14802],[8.195701,53.147982],[8.195705,53.147965],[8.194861,53.147786]]]},"properties":{"id":"way/28344575","kind":"street","name":null,"parking":"street_side","capacity":null,"fee":"no","feeConditional":null,"maxstay":null,"maxstayConditional":null,"access":"yes","operator":null,"openingHours":null,"residents":null,"disc":null,"charge":null,"tags":{"access":"yes","amenity":"parking","fee":"no","parking":"street_side"}}},{"type":"Feature","id":"way/28403292","geometry":{"type":"Polygon","coordinates":[[[8.190823,53.141297],[8.191199,53.14131],[8.191237,53.140901],[8.190861,53.140889],[8.190823,53.141297]]]},"properties":{"id":"way/28403292","kind":"lot","name":null,"parking":"surface","capacity":null,"fee":"no","feeConditional":null,"maxstay":null,"maxstayConditional":null,"access":"customers","operator":null,"openingHours":null,"residents":null,"disc":null,"charge":null,"tags":{"access":"customers","amenity":"parking","fee":"no","parking":"surface"}}},{"type":"Feature","id":"way/28419533","geometry":{"type":"Polygon","coordinates":[[[8.216866,53.134052],[8.216979,53.133875],[8.217024,53.133806],[8.216918,53.133781],[8.216462,53.133675],[8.216421,53.133738],[8.216302,53.133923],[8.216866,53.134052]]]},"properties":{"id":"way/28419533","kind":"lot","name":null,"parking":"surface","capacity":null,"fee":null,"feeConditional":null,"maxstay":null,"maxstayConditional":null,"access":"customers","operator":"Graf-Anton-Günther Schule","openingHours":null,"residents":null,"disc":null,"charge":null,"tags":{"access":"customers","amenity":"parking","operator":"Graf-Anton-Günther Schule","parking":"surface"}}},{"type":"Feature","id":"way/28777426","geometry":{"type":"Polygon","coordinates":[[[8.219627,53.136213],[8.219569,53.13617],[8.219449,53.13609],[8.219343,53.136038],[8.219203,53.135983],[8.21913,53.136063],[8.21932,53.136149],[8.219446,53.136225],[8.219033,53.136391],[8.219084,53.136433],[8.219041,53.136511],[8.218763,53.136617],[8.218947,53.136795],[8.219317,53.13717],[8.219534,53.137164],[8.21969,53.137084],[8.219188,53.136511],[8.219719,53.136328],[8.219627,53.136213]]]},"properties":{"id":"way/28777426","kind":"lot","name":null,"parking":"surface","capacity":null,"fee":"yes","feeConditional":null,"maxstay":null,"maxstayConditional":null,"access":"customers","operator":null,"openingHours":null,"residents":null,"disc":null,"charge":null,"tags":{"access":"customers","amenity":"parking","fee":"yes","parking":"surface","surface":"paving_stones"}}},{"type":"Feature","id":"way/28790930","geometry":{"type":"Polygon","coordinates":[[[8.217777,53.135974],[8.217767,53.135986],[8.217921,53.136034],[8.217932,53.136024],[8.218229,53.135682],[8.218175,53.135666],[8.218069,53.135633],[8.217777,53.135974]]]},"properties":{"id":"way/28790930","kind":"lot","name":null,"parking":"surface","capacity":null,"fee":"yes","feeConditional":null,"maxstay":null,"maxstayConditional":null,"access":"yes","operator":null,"openingHours":null,"residents":null,"disc":null,"charge":null,"tags":{"access":"yes","amenity":"parking","fee":"yes","parking":"surface","parking:condition":"ticket","surface":"cobblestone"}}},{"type":"Feature","id":"way/28929379","geometry":{"type":"Polygon","coordinates":[[[8.223728,53.12966],[8.224704,53.129504],[8.224681,53.129455],[8.224727,53.129402],[8.224786,53.129367],[8.224924,53.129342],[8.225016,53.129339],[8.225081,53.12932],[8.225191,53.129347],[8.225219,53.129439],[8.225314,53.129625],[8.22517,53.129694],[8.224786,53.129748],[8.22382,53.129885],[8.223813,53.129869],[8.223793,53.12982],[8.223743,53.129696],[8.223728,53.12966]]]},"properties":{"id":"way/28929379","kind":"lot","name":null,"parking":"surface","capacity":null,"fee":"no","feeConditional":null,"maxstay":null,"maxstayConditional":null,"access":"customers","operator":null,"openingHours":null,"residents":null,"disc":null,"charge":null,"tags":{"access":"customers","amenity":"parking","fee":"no","parking":"surface"}}},{"type":"Feature","id":"way/30122383#both","geometry":{"type":"LineString","coordinates":[[8.20694,53.14],[8.2069,53.13975],[8.206881,53.139627],[8.206834,53.13929],[8.206786,53.138971],[8.20673,53.138593],[8.206661,53.138215],[8.206636,53.138078],[8.206629,53.138041],[8.206624,53.138014],[8.206617,53.137975],[8.206611,53.137944],[8.206567,53.137702],[8.206559,53.137657]]},"properties":{"id":"way/30122383#both","kind":"street","name":"Herbartstraße","parking":"street_side","side":"both","orientation":"parallel","fee":"yes","feeConditional":null,"maxstay":null,"maxstayConditional":null,"restrictionConditional":null,"access":null,"residents":"A","disc":null,"capacity":null,"operator":null,"openingHours":null,"charge":null,"tags":{"highway":"residential","name":"Herbartstraße","parking:both":"on_kerb","parking:both:fee":"yes","parking:both:orientation":"parallel","parking:both:zone":"A","surface":"asphalt"}}},{"type":"Feature","id":"way/30251488","geometry":{"type":"Polygon","coordinates":[[[8.211404,53.141425],[8.211153,53.141395],[8.211023,53.14138],[8.211032,53.141353],[8.210992,53.141348],[8.211,53.141326],[8.21093,53.141318],[8.210924,53.141317],[8.210865,53.141311],[8.210858,53.141333],[8.210849,53.14136],[8.210293,53.141297],[8.21027,53.141368],[8.21021,53.141554],[8.210197,53.141596],[8.210251,53.141603],[8.211053,53.1417],[8.211229,53.141721],[8.211276,53.141616],[8.211324,53.141623],[8.211352,53.141555],[8.21137,53.141508],[8.211404,53.141425]]]},"properties":{"id":"way/30251488","kind":"garage","name":"Parkhaus am Waffenplatz","parking":"multi-storey","capacity":648,"fee":"yes","feeConditional":null,"maxstay":null,"maxstayConditional":null,"access":"yes","operator":null,"openingHours":"Mo-Sa 07:00-00:00","residents":null,"disc":null,"charge":null,"tags":{"access":"yes","amenity":"parking","capacity":"648","capacity:disabled":"2","fee":"yes","name":"Parkhaus am Waffenplatz","opening_hours":"Mo-Sa 07:00-00:00","park_ride":"no","parking":"multi-storey","surface":"asphalt","website":"http://www.parkhausamwaffenplatz.de/"}}},{"type":"Feature","id":"way/30561822","geometry":{"type":"Polygon","coordinates":[[[8.197604,53.132819],[8.198023,53.132867],[8.198151,53.132488],[8.197793,53.132441],[8.197725,53.132432],[8.197701,53.132508],[8.197649,53.132674],[8.197604,53.132819]]]},"properties":{"id":"way/30561822","kind":"lot","name":null,"parking":"surface","capacity":null,"fee":null,"feeConditional":null,"maxstay":null,"maxstayConditional":null,"access":null,"operator":null,"openingHours":null,"residents":null,"disc":null,"charge":null,"tags":{"amenity":"parking","parking":"surface"}}},{"type":"Feature","id":"way/32240183#left","geometry":{"type":"LineString","coordinates":[[8.235177,53.154937],[8.235001,53.154884],[8.234739,53.154869],[8.234727,53.154869],[8.234474,53.15486],[8.23415,53.154848],[8.233974,53.154842],[8.233561,53.154828],[8.233035,53.15481],[8.232781,53.154801],[8.232399,53.154784]]},"properties":{"id":"way/32240183#left","kind":"street","name":"Kasernenstraße","parking":"street_side","side":"left","orientation":"parallel","fee":null,"feeConditional":null,"maxstay":null,"maxstayConditional":null,"restrictionConditional":null,"access":null,"residents":null,"disc":null,"capacity":null,"operator":null,"openingHours":null,"charge":null,"tags":{"highway":"residential","name":"Kasernenstraße","parking:left":"lane","parking:left:orientation":"parallel","parking:right":"no","surface":"asphalt"}}},{"type":"Feature","id":"way/32426373","geometry":{"type":"Polygon","coordinates":[[[8.218794,53.142888],[8.218822,53.142901],[8.219037,53.143002],[8.219151,53.143052],[8.219333,53.1429],[8.219421,53.1428],[8.21936,53.142771],[8.219311,53.142752],[8.219011,53.142608],[8.218649,53.142731],[8.218551,53.142767],[8.218794,53.142888]]]},"properties":{"id":"way/32426373","kind":"lot","name":"Rosenstraße","parking":"surface","capacity":null,"fee":"yes","feeConditional":null,"maxstay":null,"maxstayConditional":null,"access":"yes","operator":null,"openingHours":null,"residents":null,"disc":null,"charge":null,"tags":{"access":"yes","amenity":"parking","capacity:disabled":"1","fee":"yes","name":"Rosenstraße","parking":"surface"}}},{"type":"Feature","id":"way/32427554","geometry":{"type":"Polygon","coordinates":[[[8.221674,53.142485],[8.221519,53.142509],[8.221286,53.142554],[8.22126,53.142511],[8.221455,53.142473],[8.221653,53.142441],[8.221674,53.142485]]]},"properties":{"id":"way/32427554","kind":"lot","name":null,"parking":"surface","capacity":null,"fee":null,"feeConditional":null,"maxstay":null,"maxstayConditional":null,"access":null,"operator":null,"openingHours":null,"residents":null,"disc":null,"charge":null,"tags":{"amenity":"parking"}}},{"type":"Feature","id":"way/32428496#both","geometry":{"type":"LineString","coordinates":[[8.223038,53.141394],[8.222989,53.14146],[8.222928,53.141608],[8.222922,53.141639],[8.222918,53.141696],[8.222907,53.141956],[8.222902,53.142073],[8.222896,53.142225],[8.222928,53.142871],[8.222928,53.142905],[8.222928,53.142948]]},"properties":{"id":"way/32428496#both","kind":"street","name":"Klävemannstraße","parking":"street_side","side":"both","orientation":"parallel","fee":"yes","feeConditional":null,"maxstay":null,"maxstayConditional":null,"restrictionConditional":null,"access":null,"residents":"C","disc":null,"capacity":null,"operator":null,"openingHours":null,"charge":null,"tags":{"highway":"residential","name":"Klävemannstraße","parking:both":"yes","parking:both:fee":"yes","parking:both:orientation":"parallel","parking:both:zone":"C","parking:lane:both:parallel":"on_kerb","surface":"asphalt"}}},{"type":"Feature","id":"way/32509591","geometry":{"type":"Polygon","coordinates":[[[8.21923,53.142104],[8.219395,53.141863],[8.219443,53.141794],[8.219471,53.1418],[8.219498,53.141759],[8.219505,53.141748],[8.219488,53.141744],[8.219418,53.141727],[8.21941,53.141738],[8.219292,53.14171],[8.219297,53.141703],[8.219029,53.141661],[8.218981,53.141769],[8.218917,53.141757],[8.218728,53.14202],[8.218961,53.142086],[8.218995,53.142038],[8.21923,53.142104]]]},"properties":{"id":"way/32509591","kind":"garage","name":"Parkhaus Rosenstraße","parking":"multi-storey","capacity":null,"fee":"yes","feeConditional":null,"maxstay":null,"maxstayConditional":null,"access":"yes","operator":"P-OL GmbH","openingHours":"24/7","residents":null,"disc":null,"charge":"1.40 EUR/hour; 10 EUR/day","tags":{"access":"yes","amenity":"parking","charge":"1.40 EUR/hour; 10 EUR/day","fee":"yes","name":"Parkhaus Rosenstraße","opening_hours":"24/7","operator":"P-OL GmbH","operator:type":"private","operator:website":"https://www.parkhaus-rosenstrasse.de/","parking":"multi-storey","website":"https://www.parkhaus-rosenstrasse.de/"}}},{"type":"Feature","id":"way/33786466","geometry":{"type":"Polygon","coordinates":[[[8.214943,53.141929],[8.214971,53.141901],[8.214991,53.141879],[8.215007,53.141863],[8.215033,53.141872],[8.215052,53.141853],[8.215025,53.141843],[8.215112,53.141754],[8.215075,53.141792],[8.21513,53.141735],[8.215256,53.141606],[8.215244,53.141602],[8.214985,53.141531],[8.214783,53.141477],[8.214705,53.141578],[8.214703,53.141581],[8.214749,53.141594],[8.214676,53.141694],[8.214597,53.141674],[8.214494,53.141819],[8.214928,53.141926],[8.214943,53.141929]]]},"properties":{"id":"way/33786466","kind":"garage","name":"Parkhaus Staulinie","parking":"multi-storey","capacity":420,"fee":"yes","feeConditional":null,"maxstay":null,"maxstayConditional":null,"access":"yes","operator":"Contipark","openingHours":"Mo-Fr 05:00-23:00; Sa 08:00-23:00","residents":null,"disc":null,"charge":null,"tags":{"access":"yes","amenity":"parking","capacity":"420","capacity:disabled":"2","fee":"yes","name":"Parkhaus Staulinie","opening_hours":"Mo-Fr 05:00-23:00; Sa 08:00-23:00","operator":"Contipark","operator:type":"private","operator:wikidata":"Q54867477","park_ride":"no","parking":"multi-storey","surface":"asphalt"}}},{"type":"Feature","id":"way/34010026#right","geometry":{"type":"LineString","coordinates":[[8.220271,53.140165],[8.220617,53.140164],[8.220901,53.140164],[8.220965,53.140164],[8.221073,53.140163],[8.22193,53.140161],[8.221982,53.14016],[8.222007,53.140157],[8.222028,53.140151],[8.222039,53.14014],[8.222043,53.140126],[8.222046,53.140077]]},"properties":{"id":"way/34010026#right","kind":"street","name":"Huntestraße","parking":"street_side","side":"right","orientation":"parallel","fee":"yes","feeConditional":null,"maxstay":null,"maxstayConditional":null,"restrictionConditional":null,"access":null,"residents":"D","disc":null,"capacity":null,"operator":null,"openingHours":null,"charge":null,"tags":{"highway":"residential","name":"Huntestraße","parking:right":"on_kerb","parking:right:fee":"yes","parking:right:orientation":"parallel","parking:right:zone":"D","surface":"asphalt"}}},{"type":"Feature","id":"way/34584899","geometry":{"type":"Polygon","coordinates":[[[8.215978,53.140036],[8.216013,53.140031],[8.216059,53.140024],[8.216082,53.14002],[8.216146,53.140009],[8.216153,53.140007],[8.216186,53.139995],[8.21625,53.139978],[8.216284,53.139968],[8.216288,53.139967],[8.216323,53.139992],[8.216303,53.140003],[8.216325,53.140044],[8.21633,53.140042],[8.216439,53.140014],[8.216456,53.14001],[8.216579,53.139977],[8.216409,53.139858],[8.216235,53.139759],[8.216042,53.139669],[8.216007,53.139656],[8.215933,53.139628],[8.215828,53.13959],[8.215723,53.13956],[8.215709,53.139555],[8.215676,53.139546],[8.215607,53.139527],[8.215571,53.139571],[8.215539,53.139612],[8.215542,53.139613],[8.21552,53.139643],[8.215493,53.139677],[8.215469,53.139709],[8.215433,53.139767],[8.215431,53.139771],[8.215424,53.139782],[8.215553,53.139814],[8.215525,53.139852],[8.215556,53.13986],[8.215589,53.139872],[8.215765,53.139937],[8.215932,53.140014],[8.215978,53.140036]]]},"properties":{"id":"way/34584899","kind":"garage","name":"Galeria Kaufhof","parking":"multi-storey","capacity":292,"fee":"yes","feeConditional":null,"maxstay":null,"maxstayConditional":null,"access":"yes","operator":null,"openingHours":null,"residents":null,"disc":null,"charge":null,"tags":{"access":"yes","amenity":"parking","capacity":"292","capacity:disabled":"2","fee":"yes","name":"Galeria Kaufhof","parking":"multi-storey"}}},{"type":"Feature","id":"way/37727992#right","geometry":{"type":"LineString","coordinates":[[8.22186,53.147373],[8.221777,53.147395],[8.221686,53.147386],[8.220907,53.147166],[8.220756,53.147129],[8.220271,53.147025],[8.22008,53.147004],[8.219574,53.146996],[8.218837,53.146993],[8.218661,53.146974],[8.218504,53.146947],[8.218023,53.146773],[8.217898,53.14671],[8.217887,53.14669],[8.217887,53.146642]]},"properties":{"id":"way/37727992#right","kind":"street","name":"Donnerschweer Straße","parking":"street_side","side":"right","orientation":"parallel","fee":null,"feeConditional":null,"maxstay":null,"maxstayConditional":null,"restrictionConditional":null,"access":null,"residents":null,"disc":null,"capacity":null,"operator":null,"openingHours":null,"charge":null,"tags":{"highway":"residential","name":"Donnerschweer Straße","parking:left":"no","parking:right":"on_kerb","parking:right:orientation":"parallel","surface":"paving_stones"}}},{"type":"Feature","id":"way/40839829","geometry":{"type":"Polygon","coordinates":[[[8.19566,53.132953],[8.19576,53.132956],[8.195794,53.132922],[8.19588,53.13292],[8.195895,53.132808],[8.195674,53.132802],[8.19566,53.132953]]]},"properties":{"id":"way/40839829","kind":"lot","name":null,"parking":"surface","capacity":10,"fee":"no","feeConditional":null,"maxstay":null,"maxstayConditional":null,"access":null,"operator":null,"openingHours":null,"residents":null,"disc":null,"charge":null,"tags":{"amenity":"parking","capacity":"10","fee":"no","parking":"surface"}}},{"type":"Feature","id":"way/41108772","geometry":{"type":"Polygon","coordinates":[[[8.237825,53.150444],[8.237784,53.150406],[8.237736,53.15034],[8.237382,53.150019],[8.23746,53.149989],[8.237509,53.14997],[8.237366,53.149834],[8.237272,53.149724],[8.237219,53.149676],[8.23654,53.149959],[8.236728,53.150144],[8.236645,53.150179],[8.236578,53.150206],[8.23703,53.150613],[8.237095,53.150587],[8.237124,53.150613],[8.237207,53.150688],[8.237825,53.150444]]]},"properties":{"id":"way/41108772","kind":"lot","name":null,"parking":"surface","capacity":null,"fee":null,"feeConditional":null,"maxstay":null,"maxstayConditional":null,"access":"permissive","operator":null,"openingHours":null,"residents":null,"disc":null,"charge":null,"tags":{"access":"permissive","amenity":"parking","capacity:disabled":"4","parking":"surface"}}},{"type":"Feature","id":"way/41120420","geometry":{"type":"Polygon","coordinates":[[[8.238342,53.149444],[8.238548,53.14961],[8.238749,53.149756],[8.238678,53.149791],[8.238977,53.150007],[8.239073,53.149959],[8.239162,53.15002],[8.239053,53.150065],[8.238876,53.150139],[8.238833,53.150157],[8.238481,53.149928],[8.237805,53.149464],[8.238342,53.149444]]]},"properties":{"id":"way/41120420","kind":"lot","name":null,"parking":"surface","capacity":null,"fee":null,"feeConditional":null,"maxstay":null,"maxstayConditional":null,"access":"permissive","operator":null,"openingHours":null,"residents":null,"disc":null,"charge":null,"tags":{"access":"permissive","amenity":"parking","capacity:disabled":"1","parking":"surface"}}},{"type":"Feature","id":"way/43084962#left","geometry":{"type":"LineString","coordinates":[[8.23911,53.150042],[8.239162,53.15002],[8.239343,53.149932],[8.239735,53.149717],[8.240064,53.149497],[8.240547,53.149197],[8.240825,53.149005],[8.24106,53.148835],[8.241163,53.148728]]},"properties":{"id":"way/43084962#left","kind":"street","name":"Wehdestraße","parking":"street_side","side":"left","orientation":"parallel","fee":null,"feeConditional":null,"maxstay":null,"maxstayConditional":null,"restrictionConditional":null,"access":null,"residents":null,"disc":null,"capacity":null,"operator":null,"openingHours":null,"charge":null,"tags":{"highway":"tertiary","name":"Wehdestraße","parking:left":"street_side","parking:left:orientation":"parallel","parking:right":"no","surface":"asphalt"}}},{"type":"Feature","id":"way/43088874","geometry":{"type":"Polygon","coordinates":[[[8.225299,53.128719],[8.225246,53.128668],[8.225211,53.128623],[8.22494,53.128689],[8.224527,53.128793],[8.224538,53.128809],[8.224554,53.128834],[8.224656,53.128979],[8.224717,53.128964],[8.224826,53.12912],[8.225009,53.128977],[8.225187,53.128936],[8.225076,53.128774],[8.225243,53.128733],[8.225299,53.128719]]]},"properties":{"id":"way/43088874","kind":"lot","name":null,"parking":"surface","capacity":null,"fee":null,"feeConditional":null,"maxstay":null,"maxstayConditional":null,"access":null,"operator":null,"openingHours":null,"residents":null,"disc":null,"charge":null,"tags":{"amenity":"parking","surface":"paving_stones"}}},{"type":"Feature","id":"way/43293010","geometry":{"type":"Polygon","coordinates":[[[8.224073,53.132379],[8.224329,53.132276],[8.223952,53.131937],[8.223695,53.13204],[8.224073,53.132379]]]},"properties":{"id":"way/43293010","kind":"lot","name":null,"parking":"surface","capacity":null,"fee":"no","feeConditional":null,"maxstay":null,"maxstayConditional":null,"access":null,"operator":null,"openingHours":null,"residents":null,"disc":null,"charge":null,"tags":{"amenity":"parking","capacity:disabled":"yes","fee":"no","park_ride":"no","parking":"surface"}}},{"type":"Feature","id":"way/43869717#both","geometry":{"type":"LineString","coordinates":[[8.201346,53.138043],[8.201247,53.137899],[8.20085,53.137286]]},"properties":{"id":"way/43869717#both","kind":"street","name":"Tappenbeckstraße","parking":"street_side","side":"both","orientation":"parallel","fee":null,"feeConditional":null,"maxstay":null,"maxstayConditional":null,"restrictionConditional":null,"access":null,"residents":null,"disc":null,"capacity":null,"operator":null,"openingHours":null,"charge":null,"tags":{"highway":"residential","name":"Tappenbeckstraße","name:etymology:wikidata":"Q1733139","parking:condition:both":"free","parking:left":"street_side","parking:left:orientation":"parallel","parking:right":"lane","parking:right:orientation":"parallel","surface":"asphalt"}}},{"type":"Feature","id":"way/74749922","geometry":{"type":"Polygon","coordinates":[[[8.209975,53.141743],[8.210064,53.141766],[8.21004,53.141799],[8.209951,53.141775],[8.209975,53.141743]]]},"properties":{"id":"way/74749922","kind":"street","name":null,"parking":"street_side","capacity":null,"fee":"no","feeConditional":null,"maxstay":null,"maxstayConditional":null,"access":"yes","operator":null,"openingHours":null,"residents":null,"disc":null,"charge":null,"tags":{"access":"yes","amenity":"parking","capacity:disabled":"yes","fee":"no","parking":"street_side"}}},{"type":"Feature","id":"way/74749924","geometry":{"type":"Polygon","coordinates":[[[8.210036,53.141659],[8.210127,53.141682],[8.210151,53.141649],[8.210061,53.141625],[8.210036,53.141659]]]},"properties":{"id":"way/74749924","kind":"lot","name":null,"parking":"surface","capacity":null,"fee":"no","feeConditional":null,"maxstay":null,"maxstayConditional":null,"access":"yes","operator":null,"openingHours":null,"residents":null,"disc":null,"charge":null,"tags":{"access":"yes","amenity":"parking","capacity:disabled":"yes","fee":"no","parking":"surface"}}},{"type":"Feature","id":"way/87294893","geometry":{"type":"Polygon","coordinates":[[[8.217108,53.12852],[8.217129,53.128441],[8.217046,53.128277],[8.216949,53.12825],[8.216636,53.12835],[8.216575,53.128422],[8.21666,53.128509],[8.216648,53.128513],[8.216753,53.128478],[8.216772,53.128532],[8.216796,53.128501],[8.216875,53.128471],[8.216934,53.128515],[8.216937,53.128553],[8.217108,53.12852]]]},"properties":{"id":"way/87294893","kind":"lot","name":null,"parking":"surface","capacity":null,"fee":"no","feeConditional":null,"maxstay":null,"maxstayConditional":null,"access":"customers","operator":null,"openingHours":null,"residents":null,"disc":null,"charge":null,"tags":{"access":"customers","amenity":"parking","fee":"no","parking":"surface"}}},{"type":"Feature","id":"way/88537613#both","geometry":{"type":"LineString","coordinates":[[8.199869,53.143355],[8.199314,53.143384],[8.199106,53.143394],[8.19839,53.143435],[8.198289,53.143431],[8.198221,53.143417],[8.198188,53.143383],[8.198179,53.143338],[8.198208,53.143126],[8.198266,53.142567],[8.198302,53.142324],[8.198358,53.141875],[8.198353,53.141854],[8.198343,53.141809]]},"properties":{"id":"way/88537613#both","kind":"street","name":"Zeughausstraße","parking":"street_side","side":"both","orientation":"parallel","fee":null,"feeConditional":null,"maxstay":null,"maxstayConditional":null,"restrictionConditional":null,"access":null,"residents":null,"disc":null,"capacity":null,"operator":null,"openingHours":null,"charge":null,"tags":{"highway":"residential","name":"Zeughausstraße","parking:both":"lane","parking:both:orientation":"parallel","surface":"asphalt"}}},{"type":"Feature","id":"way/93266283","geometry":{"type":"Polygon","coordinates":[[[8.229416,53.136732],[8.229859,53.136838],[8.230316,53.13621],[8.229813,53.136077],[8.229737,53.136193],[8.229721,53.136218],[8.229706,53.136242],[8.229734,53.136248],[8.229715,53.136276],[8.229663,53.136359],[8.229631,53.136408],[8.229553,53.136529],[8.229485,53.136635],[8.229438,53.136698],[8.229416,53.136732]]]},"properties":{"id":"way/93266283","kind":"lot","name":null,"parking":"surface","capacity":null,"fee":"no","feeConditional":null,"maxstay":null,"maxstayConditional":null,"access":"customers","operator":null,"openingHours":null,"residents":null,"disc":null,"charge":null,"tags":{"access":"customers","amenity":"parking","fee":"no","parking":"surface"}}},{"type":"Feature","id":"way/95855545","geometry":{"type":"Polygon","coordinates":[[[8.240535,53.150236],[8.240442,53.150165],[8.240252,53.150211],[8.240377,53.150334],[8.240535,53.150236]]]},"properties":{"id":"way/95855545","kind":"lot","name":null,"parking":"surface","capacity":null,"fee":null,"feeConditional":null,"maxstay":null,"maxstayConditional":null,"access":null,"operator":null,"openingHours":null,"residents":null,"disc":null,"charge":null,"tags":{"amenity":"parking","parking":"surface"}}},{"type":"Feature","id":"way/95936149","geometry":{"type":"Polygon","coordinates":[[[8.210929,53.138695],[8.210989,53.13873],[8.211083,53.138785],[8.211497,53.138527],[8.211606,53.138461],[8.211522,53.138422],[8.211378,53.138422],[8.211238,53.138501],[8.210929,53.138695]]]},"properties":{"id":"way/95936149","kind":"lot","name":null,"parking":"surface","capacity":20,"fee":"yes","feeConditional":null,"maxstay":null,"maxstayConditional":null,"access":"yes","operator":null,"openingHours":null,"residents":null,"disc":null,"charge":null,"tags":{"access":"yes","amenity":"parking","capacity":"20","capacity:disabled":"3","fee":"yes","parking":"surface"}}},{"type":"Feature","id":"way/118708352","geometry":{"type":"Polygon","coordinates":[[[8.214956,53.147067],[8.215113,53.147441],[8.216053,53.147299],[8.216143,53.147512],[8.21651,53.147478],[8.216466,53.147375],[8.216621,53.147353],[8.216409,53.146847],[8.214956,53.147067]]]},"properties":{"id":"way/118708352","kind":"lot","name":null,"parking":"surface","capacity":null,"fee":null,"feeConditional":null,"maxstay":null,"maxstayConditional":null,"access":"destination","operator":null,"openingHours":null,"residents":null,"disc":null,"charge":null,"tags":{"access":"destination","amenity":"parking","parking":"surface"}}},{"type":"Feature","id":"way/126250562#right","geometry":{"type":"LineString","coordinates":[[8.228013,53.129285],[8.228446,53.129189],[8.228692,53.12913],[8.229745,53.128883],[8.230923,53.128607],[8.231467,53.128479],[8.23199,53.128359],[8.232029,53.12835],[8.232205,53.128309],[8.232602,53.128216],[8.232785,53.128173],[8.233029,53.128116],[8.23359,53.127982],[8.234315,53.12781]]},"properties":{"id":"way/126250562#right","kind":"street","name":"Bremer Heerstraße","parking":"street_side","side":"right","orientation":"parallel","fee":"no","feeConditional":null,"maxstay":null,"maxstayConditional":"2 hours @ (Mo-Fr 08:00-18:00)","restrictionConditional":null,"access":null,"residents":null,"disc":null,"capacity":null,"operator":null,"openingHours":null,"charge":null,"tags":{"highway":"tertiary","name":"Bremer Heerstraße","parking:right":"street_side","parking:right:fee":"no","parking:right:maxstay:conditional":"2 hours @ (Mo-Fr 08:00-18:00)","parking:right:orientation":"parallel","surface":"asphalt"}}},{"type":"Feature","id":"way/129574206","geometry":{"type":"Polygon","coordinates":[[[8.233364,53.149265],[8.233551,53.149288],[8.233463,53.1495],[8.233391,53.149677],[8.233216,53.149659],[8.233226,53.149614],[8.233087,53.149597],[8.23309,53.14958],[8.233095,53.149556],[8.233097,53.149551],[8.23326,53.149571],[8.233264,53.149558],[8.233101,53.149538],[8.233127,53.149451],[8.233299,53.14947],[8.233364,53.149265]]]},"properties":{"id":"way/129574206","kind":"lot","name":null,"parking":"surface","capacity":null,"fee":null,"feeConditional":null,"maxstay":null,"maxstayConditional":null,"access":"permissive","operator":null,"openingHours":null,"residents":null,"disc":null,"charge":null,"tags":{"access":"permissive","amenity":"parking","parking":"surface"}}},{"type":"Feature","id":"way/130090394","geometry":{"type":"Polygon","coordinates":[[[8.233364,53.149265],[8.233399,53.14916],[8.232832,53.149097],[8.232798,53.149201],[8.233364,53.149265]]]},"properties":{"id":"way/130090394","kind":"lot","name":null,"parking":"surface","capacity":null,"fee":null,"feeConditional":null,"maxstay":null,"maxstayConditional":null,"access":"permissive","operator":null,"openingHours":null,"residents":null,"disc":null,"charge":null,"tags":{"access":"permissive","amenity":"parking","parking":"surface"}}},{"type":"Feature","id":"way/134014169","geometry":{"type":"Polygon","coordinates":[[[8.215407,53.14661],[8.215791,53.146555],[8.216322,53.146491],[8.216341,53.146508],[8.215678,53.146608],[8.215667,53.146585],[8.215418,53.14662],[8.215427,53.146666],[8.215078,53.146694],[8.21507,53.14664],[8.215407,53.14661]]]},"properties":{"id":"way/134014169","kind":"lot","name":null,"parking":"surface","capacity":null,"fee":"yes","feeConditional":null,"maxstay":null,"maxstayConditional":null,"access":"yes","operator":null,"openingHours":null,"residents":null,"disc":null,"charge":null,"tags":{"access":"yes","amenity":"parking","fee":"yes","parking":"surface"}}},{"type":"Feature","id":"way/145283827","geometry":{"type":"Polygon","coordinates":[[[8.215025,53.137691],[8.214814,53.137773],[8.214854,53.13781],[8.215065,53.137729],[8.215025,53.137691]]]},"properties":{"id":"way/145283827","kind":"lot","name":null,"parking":"surface","capacity":7,"fee":"yes","feeConditional":null,"maxstay":null,"maxstayConditional":null,"access":"yes","operator":null,"openingHours":null,"residents":null,"disc":null,"charge":null,"tags":{"access":"yes","amenity":"parking","capacity":"7","fee":"yes","park_ride":"no","parking":"surface","supervised":"no","surface":"asphalt"}}},{"type":"Feature","id":"way/145283828","geometry":{"type":"Polygon","coordinates":[[[8.215604,53.137604],[8.215647,53.137645],[8.215803,53.137586],[8.216,53.13751],[8.215957,53.137469],[8.215604,53.137604]]]},"properties":{"id":"way/145283828","kind":"lot","name":null,"parking":"surface","capacity":null,"fee":"yes","feeConditional":null,"maxstay":null,"maxstayConditional":null,"access":"yes","operator":null,"openingHours":null,"residents":null,"disc":null,"charge":null,"tags":{"access":"yes","amenity":"parking","fee":"yes","parking":"surface"}}},{"type":"Feature","id":"way/145283830","geometry":{"type":"Polygon","coordinates":[[[8.215922,53.137068],[8.216075,53.137237],[8.216251,53.13718],[8.216098,53.13701],[8.215922,53.137068]]]},"properties":{"id":"way/145283830","kind":"lot","name":null,"parking":"surface","capacity":14,"fee":"yes","feeConditional":null,"maxstay":null,"maxstayConditional":null,"access":"yes","operator":null,"openingHours":null,"residents":null,"disc":null,"charge":null,"tags":{"access":"yes","amenity":"parking","capacity":"14","capacity:disabled":"2","fee":"yes","parking":"surface"}}},{"type":"Feature","id":"way/149935190","geometry":{"type":"Polygon","coordinates":[[[8.211043,53.14654],[8.210873,53.146482],[8.210816,53.146542],[8.21066,53.146489],[8.210607,53.146546],[8.210938,53.146658],[8.211043,53.14654]]]},"properties":{"id":"way/149935190","kind":"lot","name":null,"parking":"surface","capacity":null,"fee":null,"feeConditional":null,"maxstay":null,"maxstayConditional":null,"access":null,"operator":null,"openingHours":null,"residents":null,"disc":null,"charge":null,"tags":{"amenity":"parking","parking":"surface"}}},{"type":"Feature","id":"way/164649141","geometry":{"type":"Polygon","coordinates":[[[8.210882,53.152212],[8.210562,53.152249],[8.210638,53.152434],[8.210838,53.152399],[8.210946,53.152451],[8.211096,53.152345],[8.210971,53.152295],[8.210882,53.152212]]]},"properties":{"id":"way/164649141","kind":"lot","name":"DJH","parking":"surface","capacity":null,"fee":"no","feeConditional":null,"maxstay":null,"maxstayConditional":null,"access":"customers","operator":null,"openingHours":null,"residents":null,"disc":null,"charge":null,"tags":{"access":"customers","amenity":"parking","fee":"no","name":"DJH","parking":"surface"}}},{"type":"Feature","id":"way/172306175#left","geometry":{"type":"LineString","coordinates":[[8.220876,53.135849],[8.221037,53.13605],[8.221169,53.136215],[8.221189,53.13624],[8.221335,53.136422],[8.221393,53.136494],[8.221585,53.136734],[8.221629,53.136788],[8.221699,53.136875],[8.221814,53.137019],[8.221841,53.137052],[8.221891,53.137115],[8.221991,53.13724],[8.222046,53.137308],[8.222092,53.137366],[8.222154,53.137443],[8.222271,53.137588],[8.222302,53.137637]]},"properties":{"id":"way/172306175#left","kind":"street","name":"Dammbleiche","parking":"street_side","side":"left","orientation":"parallel","fee":"yes","feeConditional":null,"maxstay":null,"maxstayConditional":null,"restrictionConditional":null,"access":null,"residents":"D","disc":null,"capacity":null,"operator":null,"openingHours":null,"charge":null,"tags":{"highway":"residential","name":"Dammbleiche","parking:both:fee":"yes","parking:both:zone":"D","parking:left":"street_side","parking:left:orientation":"parallel","surface":"asphalt"}}},{"type":"Feature","id":"way/172306176#left","geometry":{"type":"LineString","coordinates":[[8.222009,53.135522],[8.221798,53.135583],[8.221705,53.13561],[8.221585,53.135645],[8.221533,53.135661],[8.221344,53.135715],[8.221193,53.135758],[8.220908,53.13584],[8.220876,53.135849],[8.220859,53.135854],[8.220727,53.135893],[8.220503,53.135958],[8.220458,53.135971],[8.220285,53.136022],[8.22004,53.136102],[8.219706,53.136213]]},"properties":{"id":"way/172306176#left","kind":"street","name":"Weidamm","parking":"street_side","side":"left","orientation":"parallel","fee":"yes","feeConditional":null,"maxstay":null,"maxstayConditional":null,"restrictionConditional":null,"access":null,"residents":"D","disc":null,"capacity":null,"operator":null,"openingHours":null,"charge":null,"tags":{"highway":"residential","name":"Weidamm","parking:both:zone":"D","parking:left":"street_side","parking:left:fee":"yes","parking:left:orientation":"parallel","surface":"asphalt"}}},{"type":"Feature","id":"way/183555521","geometry":{"type":"Polygon","coordinates":[[[8.207738,53.129819],[8.207513,53.128677],[8.207647,53.128667],[8.207872,53.12981],[8.207738,53.129819]]]},"properties":{"id":"way/183555521","kind":"lot","name":"OLantis","parking":"surface","capacity":null,"fee":"no","feeConditional":null,"maxstay":null,"maxstayConditional":null,"access":"customers","operator":null,"openingHours":null,"residents":null,"disc":null,"charge":null,"tags":{"access":"customers","amenity":"parking","fee":"no","name":"OLantis","parking":"surface"}}},{"type":"Feature","id":"way/183558267","geometry":{"type":"Polygon","coordinates":[[[8.21152,53.145834],[8.211571,53.145942],[8.211754,53.145942],[8.213262,53.145834],[8.21313,53.145581],[8.21152,53.145834]]]},"properties":{"id":"way/183558267","kind":"lot","name":"91er Straße","parking":"surface","capacity":null,"fee":"yes","feeConditional":null,"maxstay":null,"maxstayConditional":null,"access":"yes","operator":null,"openingHours":null,"residents":null,"disc":null,"charge":null,"tags":{"access":"yes","amenity":"parking","fee":"yes","name":"91er Straße","parking":"surface","surface":"paving_stones"}}},{"type":"Feature","id":"way/192657016","geometry":{"type":"Polygon","coordinates":[[[8.243527,53.137415],[8.243684,53.137415],[8.243682,53.137009],[8.243524,53.137009],[8.243527,53.137415]]]},"properties":{"id":"way/192657016","kind":"lot","name":null,"parking":"surface","capacity":null,"fee":null,"feeConditional":null,"maxstay":null,"maxstayConditional":null,"access":null,"operator":null,"openingHours":null,"residents":null,"disc":null,"charge":null,"tags":{"amenity":"parking","parking":"surface"}}},{"type":"Feature","id":"way/199225923","geometry":{"type":"Polygon","coordinates":[[[8.242264,53.150145],[8.243031,53.150068],[8.242935,53.149926],[8.242831,53.149936],[8.2424,53.149975],[8.242368,53.149978],[8.242227,53.149991],[8.24224,53.150048],[8.242264,53.150145]]]},"properties":{"id":"way/199225923","kind":"street","name":null,"parking":"street_side","capacity":null,"fee":null,"feeConditional":null,"maxstay":null,"maxstayConditional":null,"access":null,"operator":null,"openingHours":null,"residents":null,"disc":null,"charge":null,"tags":{"amenity":"parking","parking":"street_side"}}},{"type":"Feature","id":"way/199752862","geometry":{"type":"Polygon","coordinates":[[[8.226876,53.144953],[8.227438,53.144834],[8.227474,53.144797],[8.227736,53.144534],[8.227524,53.144176],[8.227341,53.144216],[8.227363,53.144256],[8.226566,53.144429],[8.226876,53.144953]]]},"properties":{"id":"way/199752862","kind":"lot","name":"Sparkasse","parking":"surface","capacity":null,"fee":"no","feeConditional":null,"maxstay":null,"maxstayConditional":null,"access":"customers","operator":null,"openingHours":null,"residents":null,"disc":null,"charge":null,"tags":{"access":"customers","amenity":"parking","fee":"no","name":"Sparkasse","parking":"surface"}}},{"type":"Feature","id":"way/211969920","geometry":{"type":"Polygon","coordinates":[[[8.234895,53.14151],[8.234877,53.141628],[8.235098,53.141835],[8.23525,53.141837],[8.235294,53.141523],[8.234895,53.14151]]]},"properties":{"id":"way/211969920","kind":"lot","name":null,"parking":"surface","capacity":null,"fee":"no","feeConditional":null,"maxstay":null,"maxstayConditional":null,"access":"customers","operator":null,"openingHours":null,"residents":null,"disc":null,"charge":null,"tags":{"access":"customers","amenity":"parking","fee":"no","parking":"surface"}}},{"type":"Feature","id":"way/212415420","geometry":{"type":"Polygon","coordinates":[[[8.223232,53.141235],[8.223455,53.141247],[8.223505,53.141247],[8.22355,53.141247],[8.223788,53.141247],[8.223788,53.14128],[8.223899,53.14128],[8.223935,53.14128],[8.223948,53.14128],[8.223911,53.140995],[8.223834,53.140995],[8.223712,53.140995],[8.223463,53.140995],[8.223432,53.140994],[8.223404,53.140994],[8.22335,53.140995],[8.223348,53.140675],[8.223232,53.140675],[8.223233,53.140982],[8.223232,53.141235]]]},"properties":{"id":"way/212415420","kind":"lot","name":null,"parking":"surface","capacity":null,"fee":null,"feeConditional":null,"maxstay":null,"maxstayConditional":null,"access":null,"operator":null,"openingHours":null,"residents":null,"disc":null,"charge":null,"tags":{"amenity":"parking","parking":"surface"}}},{"type":"Feature","id":"way/217431595","geometry":{"type":"Polygon","coordinates":[[[8.229969,53.145905],[8.230062,53.145648],[8.229984,53.145638],[8.229953,53.145629],[8.229885,53.145618],[8.229866,53.145615],[8.229892,53.145542],[8.229648,53.145511],[8.229383,53.145477],[8.229367,53.145474],[8.229357,53.145502],[8.22911,53.14547],[8.229097,53.145509],[8.229073,53.14558],[8.228819,53.145547],[8.228746,53.145751],[8.229789,53.145883],[8.229969,53.145905]]]},"properties":{"id":"way/217431595","kind":"lot","name":"Weser-Ems-Halle Parkplatz Loge","parking":"surface","capacity":null,"fee":"yes","feeConditional":null,"maxstay":null,"maxstayConditional":null,"access":"customers","operator":null,"openingHours":null,"residents":null,"disc":null,"charge":null,"tags":{"access":"customers","amenity":"parking","fee":"yes","name":"Weser-Ems-Halle Parkplatz Loge","parking":"surface"}}},{"type":"Feature","id":"way/217431597","geometry":{"type":"Polygon","coordinates":[[[8.230171,53.146408],[8.230986,53.146508],[8.231097,53.146193],[8.231795,53.146282],[8.232132,53.145403],[8.231882,53.145171],[8.231298,53.145105],[8.230654,53.145123],[8.230334,53.145982],[8.230171,53.146408]]]},"properties":{"id":"way/217431597","kind":"lot","name":"Weser-Ems-Halle Parkplatz 1","parking":"surface","capacity":null,"fee":"yes","feeConditional":null,"maxstay":null,"maxstayConditional":null,"access":"customers","operator":"Weser-Ems-Halle","openingHours":null,"residents":null,"disc":null,"charge":null,"tags":{"access":"customers","amenity":"parking","fee":"yes","name":"Weser-Ems-Halle Parkplatz 1","operator":"Weser-Ems-Halle","parking":"surface"}}},{"type":"Feature","id":"way/229050745","geometry":{"type":"Polygon","coordinates":[[[8.235048,53.143973],[8.235046,53.144099],[8.23554,53.144101],[8.235542,53.143976],[8.235048,53.143973]]]},"properties":{"id":"way/229050745","kind":"street","name":null,"parking":"street_side","capacity":null,"fee":null,"feeConditional":null,"maxstay":null,"maxstayConditional":null,"access":null,"operator":null,"openingHours":null,"residents":null,"disc":null,"charge":null,"tags":{"amenity":"parking","parking":"street_side"}}},{"type":"Feature","id":"way/229050749","geometry":{"type":"Polygon","coordinates":[[[8.235677,53.143974],[8.235672,53.144115],[8.236492,53.144124],[8.236496,53.143983],[8.235677,53.143974]]]},"properties":{"id":"way/229050749","kind":"street","name":null,"parking":"street_side","capacity":null,"fee":null,"feeConditional":null,"maxstay":null,"maxstayConditional":null,"access":null,"operator":null,"openingHours":null,"residents":null,"disc":null,"charge":null,"tags":{"amenity":"parking","parking":"street_side"}}},{"type":"Feature","id":"way/229120163#both","geometry":{"type":"LineString","coordinates":[[8.215715,53.144341],[8.215271,53.144711]]},"properties":{"id":"way/229120163#both","kind":"street","name":"Raiffeisenstraße","parking":"street_side","side":"both","orientation":"parallel","fee":null,"feeConditional":null,"maxstay":null,"maxstayConditional":null,"restrictionConditional":null,"access":null,"residents":null,"disc":null,"capacity":null,"operator":null,"openingHours":null,"charge":null,"tags":{"highway":"residential","name":"Raiffeisenstraße","parking:both:fee":"yes","parking:condition:both:default":"free","parking:condition:both:time_interval":"Mo-Sa 08:00-19:00","parking:lane:both":"parallel","surface":"asphalt","zone:traffic":"DE:urban"}}},{"type":"Feature","id":"way/234487466#left","geometry":{"type":"LineString","coordinates":[[8.23297,53.14069],[8.23291,53.140685],[8.232498,53.140652],[8.232264,53.140633],[8.232105,53.14062],[8.232033,53.140614],[8.231978,53.14061],[8.231906,53.140604],[8.231056,53.140536],[8.23101,53.140532]]},"properties":{"id":"way/234487466#left","kind":"street","name":"Stau","parking":"street_side","side":"left","orientation":"perpendicular","fee":null,"feeConditional":null,"maxstay":null,"maxstayConditional":null,"restrictionConditional":null,"access":null,"residents":null,"disc":null,"capacity":null,"operator":null,"openingHours":null,"charge":null,"tags":{"highway":"residential","name":"Stau","parking:left":"street_side","parking:left:orientation":"perpendicular","parking:right":"no","surface":"asphalt","zone:traffic":"DE:urban"}}},{"type":"Feature","id":"way/246122774","geometry":{"type":"Polygon","coordinates":[[[8.196193,53.141563],[8.19679,53.141437],[8.196655,53.141206],[8.196058,53.141332],[8.196193,53.141563]]]},"properties":{"id":"way/246122774","kind":"street","name":null,"parking":"street_side","capacity":null,"fee":null,"feeConditional":null,"maxstay":null,"maxstayConditional":null,"access":"permit","operator":"EWE","openingHours":null,"residents":null,"disc":null,"charge":null,"tags":{"access":"permit","amenity":"parking","operator":"EWE","operator:type":"business","parking":"street_side"}}},{"type":"Feature","id":"way/248802742","geometry":{"type":"Polygon","coordinates":[[[8.226969,53.136952],[8.22693,53.136995],[8.226871,53.137066],[8.226842,53.137112],[8.226796,53.137194],[8.226882,53.137219],[8.22689,53.137208],[8.22694,53.137222],[8.22699,53.137236],[8.22698,53.137249],[8.227005,53.137256],[8.226997,53.137266],[8.22731,53.137369],[8.227332,53.137343],[8.227381,53.13736],[8.227431,53.137376],[8.22741,53.137401],[8.22763,53.13747],[8.227706,53.137492],[8.227781,53.137514],[8.227796,53.137497],[8.227811,53.137502],[8.22784,53.13751],[8.227869,53.137519],[8.227897,53.137528],[8.227882,53.137545],[8.228074,53.137604],[8.228133,53.137537],[8.228254,53.137403],[8.228319,53.137319],[8.228089,53.137243],[8.228073,53.137237],[8.227876,53.137176],[8.227787,53.137149],[8.227673,53.137118],[8.227655,53.137112],[8.227614,53.1371],[8.227445,53.13705],[8.227304,53.137008],[8.2271,53.136947],[8.227062,53.136936],[8.227033,53.136972],[8.226969,53.136952]]]},"properties":{"id":"way/248802742","kind":"lot","name":null,"parking":"surface","capacity":null,"fee":"no","feeConditional":null,"maxstay":null,"maxstayConditional":null,"access":"customers","operator":null,"openingHours":null,"residents":null,"disc":null,"charge":null,"tags":{"access":"customers","amenity":"parking","fee":"no","parking":"surface"}}},{"type":"Feature","id":"way/248802743","geometry":{"type":"Polygon","coordinates":[[[8.228564,53.136595],[8.228987,53.136658],[8.229005,53.136629],[8.229343,53.136712],[8.229296,53.136796],[8.229253,53.136869],[8.228509,53.136706],[8.2283,53.13702],[8.228169,53.136987],[8.228136,53.13704],[8.227944,53.136987],[8.22767,53.136897],[8.227626,53.136885],[8.227638,53.136866],[8.227491,53.136828],[8.227483,53.136835],[8.227441,53.136824],[8.227208,53.136766],[8.227172,53.136755],[8.227183,53.136739],[8.227097,53.136719],[8.227247,53.136497],[8.227407,53.136229],[8.227431,53.136192],[8.227653,53.136248],[8.227678,53.136213],[8.227821,53.136239],[8.227997,53.136271],[8.22798,53.136303],[8.228084,53.136322],[8.228101,53.136289],[8.228377,53.13634],[8.228434,53.136228],[8.228497,53.13624],[8.228564,53.13626],[8.228499,53.136456],[8.228459,53.136535],[8.228455,53.136561],[8.228564,53.136595]]]},"properties":{"id":"way/248802743","kind":"lot","name":null,"parking":"surface","capacity":null,"fee":"no","feeConditional":null,"maxstay":null,"maxstayConditional":null,"access":"customers","operator":null,"openingHours":null,"residents":null,"disc":null,"charge":null,"tags":{"access":"customers","amenity":"parking","fee":"no","parking":"surface"}}},{"type":"Feature","id":"way/249393123#right","geometry":{"type":"LineString","coordinates":[[8.208061,53.132713],[8.208078,53.13332],[8.208007,53.133476],[8.207919,53.133635],[8.207837,53.133811],[8.207804,53.133915],[8.207788,53.134097],[8.207809,53.134411],[8.207863,53.134701],[8.207843,53.13476]]},"properties":{"id":"way/249393123#right","kind":"street","name":"Am Schloßgarten","parking":"street_side","side":"right","orientation":"parallel","fee":"yes","feeConditional":null,"maxstay":null,"maxstayConditional":null,"restrictionConditional":null,"access":null,"residents":null,"disc":null,"capacity":null,"operator":null,"openingHours":null,"charge":null,"tags":{"highway":"residential","name":"Am Schloßgarten","parking:left":"no","parking:right":"half_on_kerb","parking:right:fee":"yes","parking:right:markings":"yes","parking:right:orientation":"parallel","surface":"asphalt"}}},{"type":"Feature","id":"way/254467520","geometry":{"type":"Polygon","coordinates":[[[8.234105,53.150053],[8.234736,53.150324],[8.234802,53.150269],[8.234171,53.149998],[8.234105,53.150053]]]},"properties":{"id":"way/254467520","kind":"street","name":null,"parking":"street_side","capacity":null,"fee":"no","feeConditional":null,"maxstay":"90 minutes","maxstayConditional":null,"access":"customers","operator":null,"openingHours":null,"residents":null,"disc":null,"charge":null,"tags":{"access":"customers","amenity":"parking","fee":"no","maxstay":"90 minutes","parking":"street_side"}}},{"type":"Feature","id":"way/255142294","geometry":{"type":"Polygon","coordinates":[[[8.22649,53.145736],[8.22643,53.145624],[8.226649,53.145582],[8.226709,53.145694],[8.22649,53.145736]]]},"properties":{"id":"way/255142294","kind":"lot","name":null,"parking":"surface","capacity":null,"fee":"no","feeConditional":null,"maxstay":null,"maxstayConditional":null,"access":"customers","operator":null,"openingHours":null,"residents":null,"disc":null,"charge":null,"tags":{"access":"customers","amenity":"parking","fee":"no","parking":"surface"}}},{"type":"Feature","id":"way/256573227","geometry":{"type":"Polygon","coordinates":[[[8.21657,53.140564],[8.216601,53.140576],[8.216081,53.141108],[8.215502,53.141704],[8.21515,53.142069],[8.214945,53.142294],[8.214909,53.142279],[8.215117,53.142055],[8.215467,53.141695],[8.216044,53.141103],[8.21657,53.140564]]]},"properties":{"id":"way/256573227","kind":"street","name":null,"parking":"street_side","capacity":36,"fee":"yes","feeConditional":null,"maxstay":null,"maxstayConditional":null,"access":"yes","operator":null,"openingHours":null,"residents":null,"disc":null,"charge":null,"tags":{"access":"yes","amenity":"parking","capacity":"36","fee":"yes","parking":"street_side"}}},{"type":"Feature","id":"way/256605780","geometry":{"type":"Polygon","coordinates":[[[8.219949,53.141336],[8.219895,53.141426],[8.219928,53.141433],[8.219982,53.141343],[8.219949,53.141336]]]},"properties":{"id":"way/256605780","kind":"street","name":null,"parking":"street_side","capacity":null,"fee":"yes","feeConditional":null,"maxstay":null,"maxstayConditional":null,"access":"yes","operator":null,"openingHours":null,"residents":null,"disc":null,"charge":"1.40 EUR/15 minutes","tags":{"access":"yes","amenity":"parking","charge":"1.40 EUR/15 minutes","fee":"yes","parking":"street_side","parking:payment":"machine"}}},{"type":"Feature","id":"way/256605781","geometry":{"type":"Polygon","coordinates":[[[8.21972,53.14141],[8.219747,53.14136],[8.219784,53.141367],[8.219758,53.141417],[8.21972,53.14141]]]},"properties":{"id":"way/256605781","kind":"street","name":null,"parking":"street_side","capacity":null,"fee":null,"feeConditional":null,"maxstay":null,"maxstayConditional":null,"access":null,"operator":null,"openingHours":null,"residents":null,"disc":null,"charge":null,"tags":{"amenity":"parking","parking":"street_side"}}},{"type":"Feature","id":"way/256605782","geometry":{"type":"Polygon","coordinates":[[[8.22004,53.141181],[8.219985,53.141271],[8.22002,53.141279],[8.220074,53.141189],[8.22004,53.141181]]]},"properties":{"id":"way/256605782","kind":"street","name":null,"parking":"street_side","capacity":null,"fee":"yes","feeConditional":null,"maxstay":null,"maxstayConditional":null,"access":"yes","operator":null,"openingHours":null,"residents":null,"disc":null,"charge":"1.40 EUR/15 minutes","tags":{"access":"yes","amenity":"parking","charge":"1.40 EUR/15 minutes","fee":"yes","parking":"street_side","parking:payment":"machine"}}},{"type":"Feature","id":"way/256605784","geometry":{"type":"Polygon","coordinates":[[[8.219856,53.141502],[8.219801,53.141592],[8.219836,53.1416],[8.21989,53.14151],[8.219856,53.141502]]]},"properties":{"id":"way/256605784","kind":"street","name":null,"parking":"street_side","capacity":null,"fee":"yes","feeConditional":null,"maxstay":null,"maxstayConditional":null,"access":"yes","operator":null,"openingHours":null,"residents":null,"disc":null,"charge":"1.40 EUR/15 minutes","tags":{"access":"yes","amenity":"parking","charge":"1.40 EUR/15 minutes","fee":"yes","parking":"street_side","parking:payment":"machine"}}},{"type":"Feature","id":"way/258823919","geometry":{"type":"Polygon","coordinates":[[[8.210063,53.154313],[8.209637,53.154236],[8.209693,53.154125],[8.209834,53.154132],[8.20984,53.154102],[8.20992,53.154116],[8.209891,53.15418],[8.209922,53.154185],[8.209912,53.154209],[8.209904,53.154227],[8.210089,53.15426],[8.210063,53.154313]]]},"properties":{"id":"way/258823919","kind":"lot","name":null,"parking":"surface","capacity":null,"fee":"no","feeConditional":null,"maxstay":null,"maxstayConditional":null,"access":"customers","operator":null,"openingHours":null,"residents":null,"disc":null,"charge":null,"tags":{"access":"customers","amenity":"parking","fee":"no","parking":"surface"}}},{"type":"Feature","id":"way/258823920","geometry":{"type":"Polygon","coordinates":[[[8.210701,53.154253],[8.210508,53.154224],[8.210248,53.154716],[8.210273,53.154721],[8.210405,53.154744],[8.210416,53.154721],[8.210465,53.154729],[8.21052,53.154624],[8.210677,53.154303],[8.21069,53.154281],[8.210701,53.154253]]]},"properties":{"id":"way/258823920","kind":"lot","name":null,"parking":"surface","capacity":null,"fee":"no","feeConditional":null,"maxstay":null,"maxstayConditional":null,"access":"customers","operator":null,"openingHours":null,"residents":null,"disc":null,"charge":null,"tags":{"access":"customers","amenity":"parking","fee":"no","parking":"surface"}}},{"type":"Feature","id":"way/258917173","geometry":{"type":"Polygon","coordinates":[[[8.225547,53.142389],[8.225547,53.142347],[8.224321,53.142353],[8.224329,53.142398],[8.225547,53.142389]]]},"properties":{"id":"way/258917173","kind":"street","name":"Hermes Hotel","parking":"street_side","capacity":null,"fee":"no","feeConditional":null,"maxstay":null,"maxstayConditional":null,"access":"customers","operator":null,"openingHours":null,"residents":null,"disc":null,"charge":null,"tags":{"access":"customers","amenity":"parking","fee":"no","name":"Hermes Hotel","parking":"street_side"}}},{"type":"Feature","id":"way/261070850","geometry":{"type":"Polygon","coordinates":[[[8.231516,53.137563],[8.231665,53.137361],[8.230951,53.137162],[8.230803,53.137372],[8.230914,53.137399],[8.231011,53.137423],[8.230915,53.137567],[8.231282,53.137657],[8.2314,53.13755],[8.231409,53.137539],[8.231516,53.137563]]]},"properties":{"id":"way/261070850","kind":"lot","name":null,"parking":"surface","capacity":null,"fee":null,"feeConditional":null,"maxstay":null,"maxstayConditional":null,"access":null,"operator":null,"openingHours":null,"residents":null,"disc":null,"charge":null,"tags":{"amenity":"parking"}}},{"type":"Feature","id":"way/261070851","geometry":{"type":"Polygon","coordinates":[[[8.230475,53.138887],[8.230497,53.138115],[8.230548,53.13812],[8.230529,53.138889],[8.230475,53.138887]]]},"properties":{"id":"way/261070851","kind":"street","name":null,"parking":"street_side","capacity":null,"fee":null,"feeConditional":null,"maxstay":null,"maxstayConditional":null,"access":null,"operator":null,"openingHours":null,"residents":null,"disc":null,"charge":null,"tags":{"amenity":"parking","parking":"street_side"}}},{"type":"Feature","id":"way/261442493","geometry":{"type":"Polygon","coordinates":[[[8.231576,53.140552],[8.231585,53.140508],[8.231884,53.14053],[8.231875,53.140573],[8.231576,53.140552]]]},"properties":{"id":"way/261442493","kind":"street","name":null,"parking":"street_side","capacity":8,"fee":"no","feeConditional":null,"maxstay":null,"maxstayConditional":null,"access":"yes","operator":null,"openingHours":null,"residents":null,"disc":null,"charge":null,"tags":{"access":"yes","amenity":"parking","capacity":"8","fee":"no","parking":"street_side"}}},{"type":"Feature","id":"way/261444876#left","geometry":{"type":"LineString","coordinates":[[8.228746,53.140862],[8.228737,53.141049],[8.228737,53.141087],[8.228734,53.141164],[8.228711,53.14171],[8.228712,53.141736],[8.228703,53.141965],[8.228701,53.142035]]},"properties":{"id":"way/261444876#left","kind":"street","name":"Am Palstek","parking":"street_side","side":"left","orientation":"parallel","fee":null,"feeConditional":null,"maxstay":null,"maxstayConditional":null,"restrictionConditional":null,"access":null,"residents":null,"disc":null,"capacity":null,"operator":null,"openingHours":null,"charge":null,"tags":{"access":"yes","highway":"living_street","name":"Am Palstek","parking:left":"street_side","parking:left:orientation":"parallel","parking:right":"no","surface":"paving_stones"}}},{"type":"Feature","id":"way/261444878#left","geometry":{"type":"LineString","coordinates":[[8.229719,53.140907],[8.229711,53.141094],[8.229708,53.141172],[8.229681,53.141748],[8.229677,53.141838],[8.229669,53.142024]]},"properties":{"id":"way/261444878#left","kind":"street","name":"Rund Achtern","parking":"street_side","side":"left","orientation":"parallel","fee":null,"feeConditional":null,"maxstay":null,"maxstayConditional":null,"restrictionConditional":null,"access":null,"residents":null,"disc":null,"capacity":null,"operator":null,"openingHours":null,"charge":null,"tags":{"highway":"living_street","name":"Rund Achtern","parking:left":"street_side","parking:left:orientation":"parallel","parking:right":"no","surface":"paving_stones"}}},{"type":"Feature","id":"way/262441720","geometry":{"type":"Polygon","coordinates":[[[8.222019,53.131525],[8.22181,53.131334],[8.221916,53.131292],[8.222126,53.131484],[8.222019,53.131525]]]},"properties":{"id":"way/262441720","kind":"lot","name":null,"parking":"surface","capacity":null,"fee":"no","feeConditional":null,"maxstay":null,"maxstayConditional":null,"access":"customers","operator":null,"openingHours":null,"residents":null,"disc":null,"charge":null,"tags":{"access":"customers","amenity":"parking","fee":"no","parking":"surface"}}},{"type":"Feature","id":"way/262986435","geometry":{"type":"Polygon","coordinates":[[[8.226513,53.141671],[8.226511,53.141292],[8.227148,53.141291],[8.22715,53.14167],[8.226513,53.141671]]]},"properties":{"id":"way/262986435","kind":"lot","name":null,"parking":"surface","capacity":null,"fee":"yes","feeConditional":null,"maxstay":null,"maxstayConditional":null,"access":"customers","operator":null,"openingHours":null,"residents":null,"disc":null,"charge":null,"tags":{"access":"customers","amenity":"parking","fee":"yes","parking":"surface"}}},{"type":"Feature","id":"way/267411480","geometry":{"type":"Polygon","coordinates":[[[8.223008,53.141938],[8.223006,53.141673],[8.223067,53.141674],[8.223068,53.141939],[8.223008,53.141938]]]},"properties":{"id":"way/267411480","kind":"lot","name":null,"parking":"surface","capacity":null,"fee":null,"feeConditional":null,"maxstay":null,"maxstayConditional":null,"access":null,"operator":null,"openingHours":null,"residents":null,"disc":null,"charge":null,"tags":{"amenity":"parking","parking":"surface"}}},{"type":"Feature","id":"way/270888639#left","geometry":{"type":"LineString","coordinates":[[8.197682,53.14163],[8.197668,53.141597],[8.197631,53.141539],[8.19759,53.141477],[8.197539,53.141411],[8.197496,53.141362],[8.197453,53.141322],[8.197395,53.141271],[8.19731,53.141202],[8.197205,53.14113],[8.197091,53.141059],[8.197031,53.141017]]},"properties":{"id":"way/270888639#left","kind":"street","name":"Rummelweg","parking":"street_side","side":"left","orientation":"diagonal","fee":null,"feeConditional":null,"maxstay":null,"maxstayConditional":null,"restrictionConditional":null,"access":null,"residents":null,"disc":null,"capacity":null,"operator":null,"openingHours":null,"charge":null,"tags":{"highway":"residential","name":"Rummelweg","parking:left":"street_side","parking:left:orientation":"diagonal","parking:right:restriction":"no_parking","surface":"asphalt"}}},{"type":"Feature","id":"way/270888640#right","geometry":{"type":"LineString","coordinates":[[8.19698,53.140988],[8.196137,53.140467],[8.195492,53.140019],[8.19546,53.139993],[8.195439,53.139976],[8.195387,53.139935]]},"properties":{"id":"way/270888640#right","kind":"street","name":"Rummelweg","parking":"street_side","side":"right","orientation":"parallel","fee":"no","feeConditional":null,"maxstay":null,"maxstayConditional":null,"restrictionConditional":null,"access":null,"residents":null,"disc":null,"capacity":null,"operator":null,"openingHours":null,"charge":null,"tags":{"highway":"residential","name":"Rummelweg","parking:left":"no","parking:left:restriction":"no_parking","parking:right":"lane","parking:right:fee":"no","parking:right:orientation":"parallel","surface":"asphalt"}}},{"type":"Feature","id":"way/272777353","geometry":{"type":"Polygon","coordinates":[[[8.212364,53.145631],[8.212177,53.145662],[8.21216,53.145625],[8.212347,53.145593],[8.212364,53.145631]]]},"properties":{"id":"way/272777353","kind":"street","name":null,"parking":"street_side","capacity":5,"fee":"yes","feeConditional":null,"maxstay":null,"maxstayConditional":null,"access":"yes","operator":null,"openingHours":null,"residents":null,"disc":null,"charge":null,"tags":{"access":"yes","amenity":"parking","capacity":"5","fee":"yes","parking":"street_side","surface":"paving_stones"}}},{"type":"Feature","id":"way/272781538","geometry":{"type":"Polygon","coordinates":[[[8.223215,53.138888],[8.223202,53.13879],[8.223844,53.138745],[8.22424,53.138705],[8.224488,53.138665],[8.224541,53.138753],[8.224262,53.138799],[8.223745,53.138865],[8.223215,53.138888]]]},"properties":{"id":"way/272781538","kind":"lot","name":null,"parking":"surface","capacity":null,"fee":null,"feeConditional":null,"maxstay":null,"maxstayConditional":null,"access":"yes","operator":null,"openingHours":null,"residents":null,"disc":null,"charge":null,"tags":{"access":"yes","amenity":"parking","parking":"surface","surface":"paving_stones"}}},{"type":"Feature","id":"way/278392669","geometry":{"type":"Polygon","coordinates":[[[8.223474,53.145141],[8.224712,53.144933],[8.224835,53.145197],[8.224191,53.145305],[8.223597,53.145404],[8.223537,53.145275],[8.223474,53.145141]]]},"properties":{"id":"way/278392669","kind":"garage","name":"P+R Parkhaus am ZOB Hauptbahnhof Nord","parking":"multi-storey","capacity":358,"fee":"yes","feeConditional":null,"maxstay":null,"maxstayConditional":null,"access":"yes","operator":"Stadt Oldenburg","openingHours":"24/7","residents":null,"disc":null,"charge":"0.50 EUR/50 minutes;5 EUR/24 hours","tags":{"access":"yes","amenity":"parking","capacity":"358","capacity:disabled":"4","capacity:women":"13","charge":"0.50 EUR/50 minutes;5 EUR/24 hours","fee":"yes","name":"P+R Parkhaus am ZOB Hauptbahnhof Nord","opening_hours":"24/7","operator":"Stadt Oldenburg","operator:type":"government","park_ride":"bus;train","parking":"multi-storey","supervised":"no","website":"https://www.oldenburg.de/startseite/leben-umwelt/verkehr/parken/park-rail.html"}}},{"type":"Feature","id":"way/279951273","geometry":{"type":"Polygon","coordinates":[[[8.215641,53.145951],[8.216438,53.14623],[8.216362,53.1463],[8.216306,53.146351],[8.215925,53.146285],[8.215413,53.146137],[8.215641,53.145951]]]},"properties":{"id":"way/279951273","kind":"lot","name":null,"parking":"surface","capacity":null,"fee":"yes","feeConditional":null,"maxstay":null,"maxstayConditional":null,"access":"yes","operator":null,"openingHours":null,"residents":null,"disc":null,"charge":null,"tags":{"access":"yes","amenity":"parking","fee":"yes","parking":"surface"}}},{"type":"Feature","id":"way/279951614","geometry":{"type":"Polygon","coordinates":[[[8.213445,53.146526],[8.213069,53.146582],[8.212627,53.146649],[8.212208,53.146712],[8.212222,53.146754],[8.212388,53.147153],[8.212438,53.147147],[8.212475,53.147142],[8.212548,53.14713],[8.212621,53.147118],[8.212661,53.147112],[8.212705,53.147106],[8.212778,53.147094],[8.212851,53.147082],[8.212894,53.147074],[8.212937,53.147067],[8.21301,53.147055],[8.213083,53.147043],[8.213126,53.147036],[8.213169,53.14703],[8.213242,53.147018],[8.213315,53.147006],[8.213356,53.147],[8.213398,53.146993],[8.213471,53.146982],[8.213544,53.14697],[8.213584,53.146963],[8.213622,53.146956],[8.213695,53.146944],[8.213733,53.146938],[8.213768,53.146932],[8.213798,53.146927],[8.213804,53.146926],[8.213701,53.146686],[8.213691,53.146671],[8.213687,53.146657],[8.213668,53.146659],[8.213601,53.146502],[8.213569,53.146507],[8.213445,53.146526]]]},"properties":{"id":"way/279951614","kind":"lot","name":"Pferdemarkt","parking":"surface","capacity":null,"fee":"yes","feeConditional":null,"maxstay":null,"maxstayConditional":null,"access":"yes","operator":"Stadt Oldenburg","openingHours":"24/7 open; Tu,Th,Sa 04:00-15:00 closed","residents":null,"disc":null,"charge":null,"tags":{"access":"yes","amenity":"parking","fee":"yes","name":"Pferdemarkt","opening_hours":"24/7 open; Tu,Th,Sa 04:00-15:00 closed","operator":"Stadt Oldenburg","parking":"surface","surface":"paving_stones"}}},{"type":"Feature","id":"way/279951615","geometry":{"type":"Polygon","coordinates":[[[8.21275,53.14618],[8.212852,53.146172],[8.213026,53.146169],[8.213112,53.146176],[8.21319,53.146195],[8.213273,53.146229],[8.213337,53.146299],[8.213445,53.146526],[8.213069,53.146582],[8.212627,53.146649],[8.212208,53.146712],[8.212155,53.146601],[8.212036,53.146355],[8.21205,53.146302],[8.212083,53.146276],[8.212244,53.14624],[8.212252,53.146261],[8.212347,53.146245],[8.21275,53.14618]]]},"properties":{"id":"way/279951615","kind":"lot","name":"Pferdemarkt","parking":"surface","capacity":401,"fee":"yes","feeConditional":null,"maxstay":null,"maxstayConditional":null,"access":"yes","operator":null,"openingHours":null,"residents":null,"disc":null,"charge":null,"tags":{"access":"yes","amenity":"parking","capacity":"401","fee":"yes","name":"Pferdemarkt","parking":"surface"}}},{"type":"Feature","id":"way/284291069","geometry":{"type":"Polygon","coordinates":[[[8.230853,53.137119],[8.230926,53.137089],[8.230269,53.136926],[8.230212,53.13696],[8.230853,53.137119]]]},"properties":{"id":"way/284291069","kind":"lot","name":null,"parking":"surface","capacity":null,"fee":null,"feeConditional":null,"maxstay":null,"maxstayConditional":null,"access":null,"operator":null,"openingHours":null,"residents":null,"disc":null,"charge":null,"tags":{"amenity":"parking"}}},{"type":"Feature","id":"way/284893592","geometry":{"type":"Polygon","coordinates":[[[8.198154,53.144402],[8.198154,53.144282],[8.198602,53.144298],[8.198803,53.14434],[8.198746,53.144438],[8.198154,53.144402]]]},"properties":{"id":"way/284893592","kind":"street","name":null,"parking":"street_side","capacity":null,"fee":"no","feeConditional":null,"maxstay":null,"maxstayConditional":null,"access":"customers","operator":null,"openingHours":null,"residents":null,"disc":null,"charge":null,"tags":{"access":"customers","amenity":"parking","fee":"no","parking":"street_side"}}},{"type":"Feature","id":"way/285578570#both","geometry":{"type":"LineString","coordinates":[[8.221211,53.154922],[8.221,53.154728],[8.220887,53.154625],[8.220365,53.154145],[8.220141,53.153939],[8.219859,53.153654]]},"properties":{"id":"way/285578570#both","kind":"street","name":"Bogenstraße","parking":"street_side","side":"both","orientation":"parallel","fee":null,"feeConditional":null,"maxstay":null,"maxstayConditional":null,"restrictionConditional":null,"access":null,"residents":null,"disc":null,"capacity":null,"operator":null,"openingHours":null,"charge":null,"tags":{"highway":"residential","name":"Bogenstraße","parking:both:orientation":"parallel","parking:left":"street_side","parking:right":"lane","parking:right:staggered":"yes","surface":"asphalt"}}},{"type":"Feature","id":"way/285578572#left","geometry":{"type":"LineString","coordinates":[[8.221448,53.155205],[8.221361,53.15509],[8.221273,53.154988],[8.221211,53.154922]]},"properties":{"id":"way/285578572#left","kind":"street","name":"Bogenstraße","parking":"street_side","side":"left","orientation":"parallel","fee":null,"feeConditional":null,"maxstay":null,"maxstayConditional":null,"restrictionConditional":null,"access":null,"residents":null,"disc":null,"capacity":null,"operator":null,"openingHours":null,"charge":null,"tags":{"highway":"residential","name":"Bogenstraße","parking:left":"lane","parking:left:orientation":"parallel","parking:right":"no","surface":"paving_stones"}}},{"type":"Feature","id":"way/285578597#both","geometry":{"type":"LineString","coordinates":[[8.219702,53.153613],[8.219142,53.153727]]},"properties":{"id":"way/285578597#both","kind":"street","name":"Lehmkuhlenstraße","parking":"street_side","side":"both","orientation":"parallel","fee":null,"feeConditional":null,"maxstay":null,"maxstayConditional":null,"restrictionConditional":null,"access":null,"residents":null,"disc":null,"capacity":null,"operator":null,"openingHours":null,"charge":null,"tags":{"highway":"residential","name":"Lehmkuhlenstraße","parking:both":"street_side","parking:both:orientation":"parallel","surface":"asphalt"}}},{"type":"Feature","id":"way/289628181","geometry":{"type":"Polygon","coordinates":[[[8.218372,53.14408],[8.218405,53.144151],[8.218355,53.144159],[8.218377,53.144205],[8.218427,53.144197],[8.218442,53.144229],[8.218459,53.144266],[8.218484,53.144261],[8.219902,53.144026],[8.219816,53.143836],[8.219664,53.143862],[8.21944,53.1439],[8.219316,53.143921],[8.21912,53.143954],[8.218372,53.14408]]]},"properties":{"id":"way/289628181","kind":"garage","name":null,"parking":"multi-storey","capacity":null,"fee":"yes","feeConditional":null,"maxstay":null,"maxstayConditional":null,"access":"yes","operator":null,"openingHours":null,"residents":null,"disc":null,"charge":null,"tags":{"access":"yes","amenity":"parking","fee":"yes","parking":"multi-storey"}}},{"type":"Feature","id":"way/293141395","geometry":{"type":"Polygon","coordinates":[[[8.207996,53.143319],[8.20819,53.143255],[8.20815,53.14321],[8.208144,53.143204],[8.208138,53.143198],[8.208118,53.143176],[8.208096,53.143152],[8.208088,53.143142],[8.207869,53.143215],[8.2079,53.143249],[8.207897,53.143253],[8.207891,53.143261],[8.207884,53.143271],[8.207798,53.143266],[8.207791,53.143318],[8.207847,53.143321],[8.207866,53.143371],[8.207811,53.143378],[8.207807,53.143393],[8.207839,53.143468],[8.207919,53.143456],[8.207923,53.143466],[8.207994,53.143455],[8.207989,53.143444],[8.208043,53.143435],[8.208001,53.143336],[8.207948,53.143344],[8.207935,53.143313],[8.207968,53.143288],[8.207996,53.143319]]]},"properties":{"id":"way/293141395","kind":"lot","name":null,"parking":"surface","capacity":null,"fee":"yes","feeConditional":null,"maxstay":null,"maxstayConditional":null,"access":"yes","operator":null,"openingHours":null,"residents":null,"disc":null,"charge":null,"tags":{"access":"yes","amenity":"parking","fee":"yes","parking":"surface"}}},{"type":"Feature","id":"way/309007580","geometry":{"type":"Polygon","coordinates":[[[8.242931,53.151418],[8.242922,53.151377],[8.243806,53.151303],[8.243816,53.151344],[8.242931,53.151418]]]},"properties":{"id":"way/309007580","kind":"street","name":null,"parking":"street_side","capacity":null,"fee":null,"feeConditional":null,"maxstay":null,"maxstayConditional":null,"access":null,"operator":null,"openingHours":null,"residents":null,"disc":null,"charge":null,"tags":{"amenity":"parking","parking":"street_side"}}},{"type":"Feature","id":"way/310644857","geometry":{"type":"Polygon","coordinates":[[[8.216827,53.132158],[8.216915,53.131837],[8.217109,53.131856],[8.217022,53.132178],[8.216827,53.132158]]]},"properties":{"id":"way/310644857","kind":"lot","name":null,"parking":"surface","capacity":null,"fee":null,"feeConditional":null,"maxstay":null,"maxstayConditional":null,"access":null,"operator":null,"openingHours":null,"residents":null,"disc":null,"charge":null,"tags":{"amenity":"parking","parking":"surface"}}},{"type":"Feature","id":"way/311021304#right","geometry":{"type":"LineString","coordinates":[[8.190848,53.142638],[8.191179,53.142592],[8.191648,53.142525],[8.191971,53.142465],[8.192004,53.142457],[8.192041,53.142447]]},"properties":{"id":"way/311021304#right","kind":"street","name":"Unter den Linden","parking":"street_side","side":"right","orientation":"parallel","fee":null,"feeConditional":null,"maxstay":null,"maxstayConditional":null,"restrictionConditional":null,"access":null,"residents":null,"disc":null,"capacity":null,"operator":null,"openingHours":null,"charge":null,"tags":{"highway":"residential","name":"Unter den Linden","parking:left":"no","parking:left:restriction":"no_stopping","parking:right":"street_side","parking:right:orientation":"parallel","surface":"asphalt"}}},{"type":"Feature","id":"way/311021306#right","geometry":{"type":"LineString","coordinates":[[8.190396,53.142698],[8.190848,53.142638]]},"properties":{"id":"way/311021306#right","kind":"street","name":"Unter den Linden","parking":"street_side","side":"right","orientation":"parallel","fee":null,"feeConditional":null,"maxstay":null,"maxstayConditional":null,"restrictionConditional":null,"access":null,"residents":null,"disc":null,"capacity":null,"operator":null,"openingHours":null,"charge":null,"tags":{"highway":"residential","name":"Unter den Linden","parking:left":"no","parking:right":"street_side","parking:right:orientation":"parallel","surface":"asphalt"}}},{"type":"Feature","id":"way/315239766","geometry":{"type":"Polygon","coordinates":[[[8.222014,53.147307],[8.221797,53.147114],[8.222062,53.146857],[8.222408,53.146971],[8.222094,53.147275],[8.222014,53.147307]]]},"properties":{"id":"way/315239766","kind":"lot","name":null,"parking":"surface","capacity":null,"fee":"no","feeConditional":null,"maxstay":null,"maxstayConditional":null,"access":"customers","operator":null,"openingHours":null,"residents":null,"disc":null,"charge":null,"tags":{"access":"customers","amenity":"parking","capacity:disabled":"2","fee":"no","parking":"surface"}}},{"type":"Feature","id":"way/315239767","geometry":{"type":"Polygon","coordinates":[[[8.222238,53.146728],[8.222418,53.146549],[8.222848,53.146539],[8.222597,53.146774],[8.222379,53.146691],[8.222309,53.146755],[8.222238,53.146728]]]},"properties":{"id":"way/315239767","kind":"lot","name":null,"parking":"surface","capacity":null,"fee":"no","feeConditional":null,"maxstay":null,"maxstayConditional":null,"access":"customers","operator":null,"openingHours":null,"residents":null,"disc":null,"charge":null,"tags":{"access":"customers","amenity":"parking","fee":"no","parking":"surface"}}},{"type":"Feature","id":"way/315239768","geometry":{"type":"Polygon","coordinates":[[[8.222961,53.146747],[8.223488,53.146928],[8.223782,53.146679],[8.22369,53.146647],[8.223582,53.146611],[8.223423,53.146759],[8.223231,53.146687],[8.223194,53.146719],[8.223106,53.146687],[8.223004,53.146712],[8.222961,53.146747]]]},"properties":{"id":"way/315239768","kind":"lot","name":null,"parking":"surface","capacity":null,"fee":"no","feeConditional":null,"maxstay":null,"maxstayConditional":null,"access":"yes","operator":null,"openingHours":null,"residents":null,"disc":null,"charge":null,"tags":{"access":"yes","amenity":"parking","capacity:disabled":"no","fee":"no","parking":"surface"}}},{"type":"Feature","id":"way/315239769","geometry":{"type":"Polygon","coordinates":[[[8.223559,53.146508],[8.223441,53.146239],[8.223599,53.146215],[8.223588,53.146188],[8.223832,53.146152],[8.223926,53.146405],[8.223685,53.146487],[8.223559,53.146508]]]},"properties":{"id":"way/315239769","kind":"lot","name":null,"parking":"surface","capacity":null,"fee":"no","feeConditional":null,"maxstay":null,"maxstayConditional":null,"access":"yes","operator":null,"openingHours":null,"residents":null,"disc":null,"charge":null,"tags":{"access":"yes","amenity":"parking","capacity:disabled":"no","fee":"no","parking":"surface"}}},{"type":"Feature","id":"way/316086540#right","geometry":{"type":"LineString","coordinates":[[8.209457,53.142124],[8.209536,53.142165],[8.209632,53.142206],[8.210125,53.142361],[8.211137,53.142664],[8.211207,53.142685],[8.211264,53.142702],[8.211358,53.14273],[8.211429,53.14275],[8.212123,53.142958],[8.212341,53.143022],[8.212672,53.143113]]},"properties":{"id":"way/316086540#right","kind":"street","name":"Heiligengeistwall","parking":"street_side","side":"right","orientation":"parallel","fee":null,"feeConditional":null,"maxstay":null,"maxstayConditional":null,"restrictionConditional":null,"access":null,"residents":null,"disc":null,"capacity":null,"operator":null,"openingHours":null,"charge":null,"tags":{"highway":"secondary","name":"Heiligengeistwall","parking:left":"no","parking:right":"street_side","parking:right:orientation":"parallel","surface":"asphalt"}}},{"type":"Feature","id":"way/321327995#left","geometry":{"type":"LineString","coordinates":[[8.218921,53.153769],[8.219138,53.154068]]},"properties":{"id":"way/321327995#left","kind":"street","name":"Nadorster Straße","parking":"street_side","side":"left","orientation":"parallel","fee":null,"feeConditional":null,"maxstay":null,"maxstayConditional":null,"restrictionConditional":null,"access":null,"residents":null,"disc":null,"capacity":null,"operator":null,"openingHours":null,"charge":null,"tags":{"highway":"tertiary","name":"Nadorster Straße","parking:left":"street_side","parking:left:orientation":"parallel","parking:right":"no","surface":"asphalt"}}},{"type":"Feature","id":"way/321328016#both","geometry":{"type":"LineString","coordinates":[[8.218458,53.153086],[8.218901,53.153741],[8.218921,53.153769]]},"properties":{"id":"way/321328016#both","kind":"street","name":"Nadorster Straße","parking":"street_side","side":"both","orientation":"parallel","fee":null,"feeConditional":null,"maxstay":null,"maxstayConditional":null,"restrictionConditional":null,"access":null,"residents":null,"disc":null,"capacity":null,"operator":null,"openingHours":null,"charge":null,"tags":{"highway":"tertiary","name":"Nadorster Straße","parking:both":"street_side","parking:both:orientation":"parallel","surface":"asphalt"}}},{"type":"Feature","id":"way/324891546","geometry":{"type":"Polygon","coordinates":[[[8.210134,53.138421],[8.209988,53.138354],[8.210118,53.138261],[8.210447,53.138179],[8.210546,53.138313],[8.210134,53.138421]]]},"properties":{"id":"way/324891546","kind":"lot","name":null,"parking":"surface","capacity":null,"fee":"yes","feeConditional":null,"maxstay":null,"maxstayConditional":null,"access":"yes","operator":null,"openingHours":null,"residents":null,"disc":null,"charge":null,"tags":{"access":"yes","amenity":"parking","fee":"yes","parking":"surface"}}},{"type":"Feature","id":"way/328877465#left","geometry":{"type":"LineString","coordinates":[[8.193795,53.143138],[8.194035,53.143043],[8.194194,53.14298],[8.195128,53.142589],[8.195692,53.142372],[8.195856,53.142308],[8.196019,53.142257],[8.196537,53.142111],[8.196912,53.142025],[8.197293,53.14195],[8.197514,53.14191],[8.197596,53.141897],[8.197787,53.141866],[8.197827,53.141859],[8.197994,53.14184]]},"properties":{"id":"way/328877465#left","kind":"street","name":"Ofener Straße","parking":"street_side","side":"left","orientation":"parallel","fee":null,"feeConditional":null,"maxstay":null,"maxstayConditional":null,"restrictionConditional":null,"access":null,"residents":null,"disc":null,"capacity":null,"operator":null,"openingHours":null,"charge":null,"tags":{"highway":"secondary","name":"Ofener Straße","parking:left":"street_side","parking:left:orientation":"parallel","parking:right":"no","surface":"asphalt"}}},{"type":"Feature","id":"way/330841879","geometry":{"type":"Polygon","coordinates":[[[8.221588,53.143837],[8.221493,53.143627],[8.22142,53.143639],[8.220981,53.14371],[8.221076,53.143921],[8.221244,53.143893],[8.221417,53.143865],[8.221588,53.143837]]]},"properties":{"id":"way/330841879","kind":"lot","name":null,"parking":"surface","capacity":null,"fee":"yes","feeConditional":null,"maxstay":null,"maxstayConditional":null,"access":"yes","operator":null,"openingHours":null,"residents":null,"disc":null,"charge":null,"tags":{"access":"yes","amenity":"parking","fee":"yes","parking":"surface"}}},{"type":"Feature","id":"way/335351447#both","geometry":{"type":"LineString","coordinates":[[8.220329,53.133878],[8.220629,53.134099],[8.220957,53.134365],[8.221091,53.134513],[8.221341,53.134787],[8.221374,53.134824],[8.221667,53.135146],[8.222009,53.135522],[8.222922,53.136639],[8.22359,53.13747],[8.223823,53.137759],[8.224011,53.137985],[8.224168,53.138212]]},"properties":{"id":"way/335351447#both","kind":"street","name":"Kanalstraße","parking":"street_side","side":"both","orientation":"parallel","fee":"yes","feeConditional":null,"maxstay":null,"maxstayConditional":null,"restrictionConditional":null,"access":null,"residents":"D","disc":null,"capacity":null,"operator":null,"openingHours":null,"charge":null,"tags":{"highway":"residential","name":"Kanalstraße","parking:both:fee":"yes","parking:both:orientation":"parallel","parking:both:zone":"D","parking:left":"street_side","parking:right":"lane","surface":"asphalt"}}},{"type":"Feature","id":"way/337383367","geometry":{"type":"Polygon","coordinates":[[[8.214641,53.133155],[8.21485,53.133096],[8.21487,53.133125],[8.214848,53.13314],[8.214697,53.133182],[8.214662,53.133179],[8.214641,53.133155]]]},"properties":{"id":"way/337383367","kind":"lot","name":null,"parking":"surface","capacity":null,"fee":null,"feeConditional":null,"maxstay":null,"maxstayConditional":null,"access":"yes","operator":null,"openingHours":null,"residents":null,"disc":null,"charge":null,"tags":{"access":"yes","amenity":"parking","surface":"asphalt"}}},{"type":"Feature","id":"way/337383368","geometry":{"type":"Polygon","coordinates":[[[8.215024,53.133145],[8.215104,53.133232],[8.215006,53.133253],[8.21498,53.13323],[8.214961,53.133187],[8.214962,53.133159],[8.215024,53.133145]]]},"properties":{"id":"way/337383368","kind":"lot","name":null,"parking":"surface","capacity":null,"fee":null,"feeConditional":null,"maxstay":null,"maxstayConditional":null,"access":"yes","operator":null,"openingHours":null,"residents":null,"disc":null,"charge":null,"tags":{"access":"yes","amenity":"parking","surface":"asphalt"}}},{"type":"Feature","id":"way/338796176","geometry":{"type":"Polygon","coordinates":[[[8.197511,53.149774],[8.1975,53.149817],[8.197067,53.149776],[8.197072,53.149754],[8.197078,53.149733],[8.197159,53.149741],[8.197174,53.149742],[8.197208,53.149745],[8.197222,53.149747],[8.197325,53.149756],[8.197351,53.149759],[8.197511,53.149774]]]},"properties":{"id":"way/338796176","kind":"street","name":null,"parking":"street_side","capacity":null,"fee":"no","feeConditional":null,"maxstay":null,"maxstayConditional":null,"access":"customers","operator":null,"openingHours":null,"residents":null,"disc":null,"charge":null,"tags":{"access":"customers","amenity":"parking","fee":"no","parking":"street_side"}}},{"type":"Feature","id":"way/348369164","geometry":{"type":"Polygon","coordinates":[[[8.214664,53.133391],[8.214718,53.133431],[8.2148,53.133403],[8.214837,53.133367],[8.214762,53.133312],[8.214664,53.133391]]]},"properties":{"id":"way/348369164","kind":"lot","name":null,"parking":"surface","capacity":null,"fee":null,"feeConditional":null,"maxstay":null,"maxstayConditional":null,"access":"yes","operator":null,"openingHours":null,"residents":null,"disc":null,"charge":null,"tags":{"access":"yes","amenity":"parking","surface":"asphalt"}}},{"type":"Feature","id":"way/353063925","geometry":{"type":"Polygon","coordinates":[[[8.212554,53.150537],[8.212621,53.150454],[8.212334,53.150371],[8.212216,53.150519],[8.212299,53.150543],[8.21235,53.150478],[8.212554,53.150537]]]},"properties":{"id":"way/353063925","kind":"lot","name":null,"parking":"surface","capacity":null,"fee":"no","feeConditional":null,"maxstay":null,"maxstayConditional":null,"access":"customers","operator":null,"openingHours":null,"residents":null,"disc":null,"charge":null,"tags":{"access":"customers","amenity":"parking","fee":"no","parking":"surface"}}},{"type":"Feature","id":"way/358240873#both","geometry":{"type":"LineString","coordinates":[[8.227115,53.140698],[8.227075,53.140706],[8.226866,53.140755],[8.226701,53.140802],[8.226611,53.14083],[8.226382,53.140912],[8.226133,53.141012],[8.225627,53.14123],[8.225458,53.141305],[8.225258,53.141389],[8.224995,53.141471],[8.224834,53.141511],[8.224671,53.141543],[8.224531,53.141564],[8.224387,53.14158],[8.224328,53.141584],[8.224255,53.141588],[8.224086,53.141589]]},"properties":{"id":"way/358240873#both","kind":"street","name":"Stau","parking":"street_side","side":"both","orientation":"parallel","fee":null,"feeConditional":null,"maxstay":null,"maxstayConditional":null,"restrictionConditional":null,"access":null,"residents":null,"disc":null,"capacity":null,"operator":null,"openingHours":null,"charge":null,"tags":{"highway":"residential","name":"Stau","parking:both":"street_side","parking:both:orientation":"parallel","surface":"asphalt","zone:traffic":"DE:urban"}}},{"type":"Feature","id":"way/377161147","geometry":{"type":"Polygon","coordinates":[[[8.199514,53.151712],[8.199611,53.151704],[8.199666,53.1517],[8.199721,53.151722],[8.1999,53.151598],[8.200113,53.151452],[8.200194,53.151398],[8.200159,53.151378],[8.200112,53.151357],[8.200061,53.15134],[8.200019,53.151356],[8.199972,53.151375],[8.199818,53.151482],[8.199514,53.151712]]]},"properties":{"id":"way/377161147","kind":"lot","name":null,"parking":"surface","capacity":17,"fee":"no","feeConditional":null,"maxstay":null,"maxstayConditional":null,"access":"yes","operator":null,"openingHours":null,"residents":null,"disc":null,"charge":null,"tags":{"access":"yes","amenity":"parking","capacity":"17","fee":"no","parking":"surface"}}},{"type":"Feature","id":"way/385474155#left","geometry":{"type":"LineString","coordinates":[[8.230841,53.141732],[8.230809,53.141775],[8.230745,53.141811],[8.230562,53.141866],[8.230441,53.141902],[8.230323,53.14193],[8.230181,53.141961],[8.230034,53.141987],[8.229852,53.142012],[8.229669,53.142024],[8.228701,53.142035],[8.227707,53.142035],[8.226858,53.142041],[8.226782,53.142045],[8.226705,53.142065],[8.226619,53.1421],[8.226536,53.142144],[8.226439,53.1422],[8.226333,53.142245],[8.226245,53.142273],[8.226143,53.142291],[8.226012,53.142297],[8.225907,53.14229],[8.225833,53.142278],[8.225786,53.142254]]},"properties":{"id":"way/385474155#left","kind":"street","name":"Alter Stadthafen","parking":"street_side","side":"left","orientation":"parallel","fee":null,"feeConditional":null,"maxstay":null,"maxstayConditional":null,"restrictionConditional":null,"access":null,"residents":null,"disc":null,"capacity":null,"operator":null,"openingHours":null,"charge":null,"tags":{"access":"yes","highway":"residential","name":"Alter Stadthafen","parking:left":"street_side","parking:left:orientation":"parallel","parking:right":"no","surface":"asphalt","zone:traffic":"DE:urban"}}},{"type":"Feature","id":"way/399179044","geometry":{"type":"Polygon","coordinates":[[[8.203756,53.129552],[8.203758,53.129477],[8.204164,53.129481],[8.204162,53.129555],[8.203756,53.129552]]]},"properties":{"id":"way/399179044","kind":"lot","name":null,"parking":"surface","capacity":27,"fee":"no","feeConditional":null,"maxstay":null,"maxstayConditional":null,"access":null,"operator":"Elena","openingHours":null,"residents":null,"disc":null,"charge":null,"tags":{"amenity":"parking","capacity":"27","fee":"no","operator":"Elena","park_ride":"no","supervised":"no"}}},{"type":"Feature","id":"way/399597102","geometry":{"type":"Polygon","coordinates":[[[8.19527,53.138554],[8.195187,53.138465],[8.195303,53.13842],[8.195166,53.138281],[8.195791,53.138053],[8.196006,53.138292],[8.19527,53.138554]]]},"properties":{"id":"way/399597102","kind":"lot","name":null,"parking":"surface","capacity":null,"fee":null,"feeConditional":null,"maxstay":null,"maxstayConditional":null,"access":"permissive","operator":"EWE","openingHours":null,"residents":null,"disc":null,"charge":null,"tags":{"access":"permissive","amenity":"parking","operator":"EWE","parking":"surface"}}},{"type":"Feature","id":"way/399597103","geometry":{"type":"Polygon","coordinates":[[[8.217651,53.146533],[8.217832,53.146393],[8.217828,53.146375],[8.217917,53.146296],[8.217983,53.146276],[8.218092,53.14632],[8.218069,53.146349],[8.218118,53.146368],[8.218048,53.146445],[8.218028,53.146463],[8.218015,53.146474],[8.21802,53.146528],[8.217991,53.146531],[8.217967,53.146532],[8.217956,53.146565],[8.217779,53.146553],[8.217651,53.146533]]]},"properties":{"id":"way/399597103","kind":"lot","name":null,"parking":"surface","capacity":null,"fee":null,"feeConditional":null,"maxstay":null,"maxstayConditional":null,"access":"permissive","operator":"EWE","openingHours":null,"residents":null,"disc":null,"charge":null,"tags":{"access":"permissive","amenity":"parking","operator":"EWE","park_ride":"no","parking":"surface","supervised":"yes","surface":"unpaved"}}},{"type":"Feature","id":"way/408028010","geometry":{"type":"Polygon","coordinates":[[[8.233453,53.145278],[8.233381,53.145278],[8.233378,53.145406],[8.233374,53.145552],[8.233439,53.145552],[8.233438,53.145597],[8.234007,53.145603],[8.234009,53.145549],[8.234289,53.145552],[8.234291,53.145489],[8.234484,53.145491],[8.234485,53.14544],[8.234564,53.14544],[8.234568,53.145274],[8.234602,53.145274],[8.234604,53.145161],[8.234643,53.145161],[8.234647,53.144907],[8.234647,53.14488],[8.233463,53.14487],[8.233462,53.144886],[8.233462,53.144897],[8.233453,53.145278]]]},"properties":{"id":"way/408028010","kind":"street","name":null,"parking":"street_side","capacity":null,"fee":null,"feeConditional":null,"maxstay":null,"maxstayConditional":null,"access":null,"operator":null,"openingHours":null,"residents":null,"disc":null,"charge":null,"tags":{"amenity":"parking","parking":"street_side"}}},{"type":"Feature","id":"way/409327202","geometry":{"type":"Polygon","coordinates":[[[8.197153,53.152006],[8.197219,53.152013],[8.197193,53.152107],[8.197127,53.1521],[8.197153,53.152006]]]},"properties":{"id":"way/409327202","kind":"street","name":null,"parking":"street_side","capacity":null,"fee":"no","feeConditional":null,"maxstay":null,"maxstayConditional":null,"access":"yes","operator":null,"openingHours":null,"residents":null,"disc":null,"charge":null,"tags":{"access":"yes","amenity":"parking","fee":"no","parking":"street_side"}}},{"type":"Feature","id":"way/410093961","geometry":{"type":"Polygon","coordinates":[[[8.199596,53.148844],[8.199614,53.148777],[8.199679,53.148784],[8.199661,53.14885],[8.199596,53.148844]]]},"properties":{"id":"way/410093961","kind":"street","name":null,"parking":"street_side","capacity":3,"fee":"no","feeConditional":null,"maxstay":null,"maxstayConditional":null,"access":"yes","operator":null,"openingHours":null,"residents":null,"disc":null,"charge":null,"tags":{"access":"yes","amenity":"parking","capacity":"3","fee":"no","parking":"street_side","supervised":"no"}}},{"type":"Feature","id":"way/411022474","geometry":{"type":"Polygon","coordinates":[[[8.225219,53.133775],[8.22585,53.133545],[8.225756,53.133426],[8.225096,53.133669],[8.225219,53.133775]]]},"properties":{"id":"way/411022474","kind":"lot","name":null,"parking":"surface","capacity":30,"fee":null,"feeConditional":null,"maxstay":null,"maxstayConditional":null,"access":null,"operator":null,"openingHours":null,"residents":null,"disc":null,"charge":null,"tags":{"amenity":"parking","capacity":"30","parking":"surface"}}},{"type":"Feature","id":"way/415590922#left","geometry":{"type":"LineString","coordinates":[[8.227746,53.140942],[8.227741,53.14103],[8.227739,53.14107],[8.227719,53.141686],[8.227717,53.141738],[8.227716,53.141768],[8.227707,53.142035]]},"properties":{"id":"way/415590922#left","kind":"street","name":"Achtersteven","parking":"street_side","side":"left","orientation":"parallel","fee":null,"feeConditional":null,"maxstay":null,"maxstayConditional":null,"restrictionConditional":null,"access":null,"residents":null,"disc":null,"capacity":null,"operator":null,"openingHours":null,"charge":null,"tags":{"highway":"residential","name":"Achtersteven","parking:left":"street_side","parking:left:orientation":"parallel","parking:right":"no","surface":"asphalt"}}},{"type":"Feature","id":"way/418289829","geometry":{"type":"Polygon","coordinates":[[[8.223997,53.141279],[8.224051,53.141279],[8.224045,53.140769],[8.223991,53.140769],[8.223997,53.141279]]]},"properties":{"id":"way/418289829","kind":"lot","name":null,"parking":"surface","capacity":null,"fee":"no","feeConditional":null,"maxstay":null,"maxstayConditional":null,"access":"customers","operator":null,"openingHours":null,"residents":null,"disc":null,"charge":null,"tags":{"access":"customers","amenity":"parking","fee":"no","parking":"surface"}}},{"type":"Feature","id":"way/421484672","geometry":{"type":"Polygon","coordinates":[[[8.227263,53.148682],[8.227331,53.14869],[8.227483,53.148258],[8.227414,53.148249],[8.227263,53.148682]]]},"properties":{"id":"way/421484672","kind":"street","name":null,"parking":"street_side","capacity":null,"fee":"no","feeConditional":"yes @ (Mo-Su,PH 07:00-24:00)","maxstay":null,"maxstayConditional":null,"access":"yes","operator":null,"openingHours":null,"residents":null,"disc":null,"charge":null,"tags":{"access":"yes","amenity":"parking","fee":"no","fee:conditional":"yes @ (Mo-Su,PH 07:00-24:00)","parking":"street_side"}}},{"type":"Feature","id":"way/421484673","geometry":{"type":"Polygon","coordinates":[[[8.227418,53.148713],[8.227502,53.148723],[8.227633,53.148324],[8.22755,53.148314],[8.227418,53.148713]]]},"properties":{"id":"way/421484673","kind":"street","name":null,"parking":"street_side","capacity":null,"fee":"no","feeConditional":"yes @ (Mo-Su,PH 07:00-24:00)","maxstay":null,"maxstayConditional":null,"access":"yes","operator":null,"openingHours":null,"residents":null,"disc":null,"charge":null,"tags":{"access":"yes","amenity":"parking","fee":"no","fee:conditional":"yes @ (Mo-Su,PH 07:00-24:00)","parking":"street_side"}}},{"type":"Feature","id":"way/427851762","geometry":{"type":"Polygon","coordinates":[[[8.211122,53.136063],[8.211319,53.135923],[8.211021,53.135781],[8.210951,53.135828],[8.210973,53.135848],[8.2109,53.135865],[8.210819,53.13591],[8.211122,53.136063]]]},"properties":{"id":"way/427851762","kind":"lot","name":"AOK Parkplatz","parking":"surface","capacity":null,"fee":"no","feeConditional":null,"maxstay":null,"maxstayConditional":null,"access":"customers","operator":"AOK","openingHours":null,"residents":null,"disc":null,"charge":null,"tags":{"access":"customers","amenity":"parking","fee":"no","name":"AOK Parkplatz","operator":"AOK","parking":"surface"}}},{"type":"Feature","id":"way/437007047#left","geometry":{"type":"LineString","coordinates":[[8.214855,53.155586],[8.214833,53.155539],[8.215286,53.154805],[8.215454,53.154642]]},"properties":{"id":"way/437007047#left","kind":"street","name":"Ehnernstraße","parking":"street_side","side":"left","orientation":"parallel","fee":null,"feeConditional":null,"maxstay":null,"maxstayConditional":null,"restrictionConditional":null,"access":null,"residents":null,"disc":null,"capacity":null,"operator":null,"openingHours":null,"charge":null,"tags":{"highway":"residential","name":"Ehnernstraße","parking:lane:left":"parallel","parking:lane:left:parallel":"on_street","surface":"asphalt"}}},{"type":"Feature","id":"way/440355137","geometry":{"type":"Polygon","coordinates":[[[8.222038,53.132231],[8.221882,53.132085],[8.222084,53.132017],[8.222223,53.132172],[8.222038,53.132231]]]},"properties":{"id":"way/440355137","kind":"lot","name":null,"parking":"surface","capacity":8,"fee":"no","feeConditional":null,"maxstay":null,"maxstayConditional":null,"access":"customers","operator":null,"openingHours":null,"residents":null,"disc":null,"charge":null,"tags":{"access":"customers","amenity":"parking","capacity":"8","fee":"no","parking":"surface"}}},{"type":"Feature","id":"way/455259465","geometry":{"type":"Polygon","coordinates":[[[8.222636,53.145412],[8.222962,53.14536],[8.223005,53.145352],[8.223092,53.145271],[8.222957,53.145222],[8.222849,53.145237],[8.222781,53.145247],[8.222636,53.145412]]]},"properties":{"id":"way/455259465","kind":"lot","name":null,"parking":"surface","capacity":3,"fee":null,"feeConditional":null,"maxstay":null,"maxstayConditional":null,"access":"destination","operator":"Fernbus-Haltestelle","openingHours":null,"residents":null,"disc":null,"charge":null,"tags":{"access":"destination","amenity":"parking","capacity":"3","capacity:disabled":"no","operator":"Fernbus-Haltestelle","parking":"surface","surface":"asphalt"}}},{"type":"Feature","id":"way/462820682","geometry":{"type":"Polygon","coordinates":[[[8.230149,53.12953],[8.230078,53.129546],[8.229862,53.129209],[8.229933,53.129193],[8.230149,53.12953]]]},"properties":{"id":"way/462820682","kind":"lot","name":"Kundenparkplatz","parking":"surface","capacity":null,"fee":"no","feeConditional":null,"maxstay":null,"maxstayConditional":null,"access":"customers","operator":null,"openingHours":null,"residents":null,"disc":null,"charge":null,"tags":{"access":"customers","amenity":"parking","fee":"no","name":"Kundenparkplatz","parking":"surface"}}},{"type":"Feature","id":"way/464331169","geometry":{"type":"Polygon","coordinates":[[[8.22695,53.135433],[8.227031,53.135269],[8.22719,53.135205],[8.227226,53.135326],[8.227244,53.135423],[8.22695,53.135433]]]},"properties":{"id":"way/464331169","kind":"lot","name":null,"parking":"surface","capacity":null,"fee":null,"feeConditional":null,"maxstay":null,"maxstayConditional":null,"access":null,"operator":null,"openingHours":null,"residents":null,"disc":null,"charge":null,"tags":{"amenity":"parking","parking":"surface"}}},{"type":"Feature","id":"way/465140343","geometry":{"type":"Polygon","coordinates":[[[8.231219,53.134762],[8.231479,53.134832],[8.231683,53.1346],[8.231444,53.134498],[8.231219,53.134762]]]},"properties":{"id":"way/465140343","kind":"lot","name":null,"parking":"surface","capacity":25,"fee":"no","feeConditional":null,"maxstay":null,"maxstayConditional":null,"access":"customers","operator":null,"openingHours":null,"residents":null,"disc":null,"charge":null,"tags":{"access":"customers","amenity":"parking","capacity":"25","fee":"no","parking":"surface"}}},{"type":"Feature","id":"way/465140348","geometry":{"type":"Polygon","coordinates":[[[8.230374,53.13441],[8.230154,53.134684],[8.230066,53.134704],[8.229921,53.134673],[8.229893,53.134651],[8.230003,53.134509],[8.230032,53.134478],[8.229917,53.134444],[8.230015,53.134328],[8.230207,53.134389],[8.230286,53.134378],[8.230374,53.13441]]]},"properties":{"id":"way/465140348","kind":"lot","name":null,"parking":"surface","capacity":28,"fee":null,"feeConditional":null,"maxstay":null,"maxstayConditional":null,"access":null,"operator":null,"openingHours":null,"residents":null,"disc":null,"charge":null,"tags":{"amenity":"parking","capacity":"28","parking":"surface"}}},{"type":"Feature","id":"way/465140372","geometry":{"type":"Polygon","coordinates":[[[8.229675,53.132058],[8.229826,53.132016],[8.229852,53.132008],[8.229768,53.131923],[8.229747,53.13193],[8.229685,53.131868],[8.229558,53.131905],[8.229675,53.132058]]]},"properties":{"id":"way/465140372","kind":"lot","name":null,"parking":"surface","capacity":10,"fee":null,"feeConditional":null,"maxstay":null,"maxstayConditional":null,"access":null,"operator":null,"openingHours":null,"residents":null,"disc":null,"charge":null,"tags":{"amenity":"parking","capacity":"10","parking":"surface"}}},{"type":"Feature","id":"way/465144797","geometry":{"type":"Polygon","coordinates":[[[8.226038,53.133947],[8.226278,53.133899],[8.226204,53.133793],[8.226168,53.133726],[8.226372,53.133683],[8.226348,53.133646],[8.226495,53.133612],[8.226519,53.133649],[8.226747,53.133595],[8.226697,53.133512],[8.226032,53.133668],[8.226017,53.133754],[8.225947,53.133794],[8.226038,53.133947]]]},"properties":{"id":"way/465144797","kind":"lot","name":null,"parking":"surface","capacity":25,"fee":null,"feeConditional":null,"maxstay":null,"maxstayConditional":null,"access":null,"operator":null,"openingHours":null,"residents":null,"disc":null,"charge":null,"tags":{"amenity":"parking","capacity":"25","parking":"surface"}}},{"type":"Feature","id":"way/473844046","geometry":{"type":"Polygon","coordinates":[[[8.221265,53.142202],[8.221189,53.14207],[8.22143,53.142029],[8.221492,53.142165],[8.221265,53.142202]]]},"properties":{"id":"way/473844046","kind":"lot","name":null,"parking":"surface","capacity":13,"fee":null,"feeConditional":null,"maxstay":null,"maxstayConditional":null,"access":null,"operator":null,"openingHours":null,"residents":null,"disc":null,"charge":null,"tags":{"amenity":"parking","capacity":"13","parking":"surface"}}},{"type":"Feature","id":"way/474202259","geometry":{"type":"Polygon","coordinates":[[[8.230888,53.148313],[8.231041,53.147911],[8.232955,53.148158],[8.232831,53.14854],[8.231735,53.148412],[8.231112,53.148339],[8.230888,53.148313]]]},"properties":{"id":"way/474202259","kind":"lot","name":null,"parking":"surface","capacity":null,"fee":"no","feeConditional":null,"maxstay":null,"maxstayConditional":null,"access":"yes","operator":null,"openingHours":null,"residents":null,"disc":null,"charge":null,"tags":{"access":"yes","amenity":"parking","fee":"no","parking":"surface","surface":"asphalt"}}},{"type":"Feature","id":"way/474202262","geometry":{"type":"Polygon","coordinates":[[[8.22867,53.147052],[8.228451,53.147673],[8.22856,53.147686],[8.22841,53.148102],[8.228945,53.148169],[8.228969,53.1481],[8.229101,53.147722],[8.229318,53.14711],[8.229435,53.146789],[8.228825,53.146714],[8.22867,53.147052]]]},"properties":{"id":"way/474202262","kind":"lot","name":"Weser-Ems-Halle Parkplatz 2","parking":"surface","capacity":250,"fee":"yes","feeConditional":null,"maxstay":null,"maxstayConditional":null,"access":"yes","operator":"Weser-Ems-Halle","openingHours":null,"residents":null,"disc":null,"charge":null,"tags":{"access":"yes","amenity":"parking","capacity":"250","fee":"yes","name":"Weser-Ems-Halle Parkplatz 2","operator":"Weser-Ems-Halle","parking":"surface"}}},{"type":"Feature","id":"way/476926416#right","geometry":{"type":"LineString","coordinates":[[8.222109,53.14282],[8.22195,53.142445],[8.221795,53.142084],[8.22169,53.141846],[8.221645,53.14175],[8.221606,53.141659],[8.221447,53.14132],[8.221401,53.141214],[8.221343,53.141098],[8.22131,53.141057]]},"properties":{"id":"way/476926416#right","kind":"street","name":"Kaiserstraße","parking":"street_side","side":"right","orientation":"parallel","fee":"yes","feeConditional":null,"maxstay":null,"maxstayConditional":null,"restrictionConditional":null,"access":null,"residents":"C","disc":null,"capacity":null,"operator":null,"openingHours":null,"charge":null,"tags":{"highway":"residential","name":"Kaiserstraße","parking:lane:right:parallel":"on_curb","parking:right":"yes","parking:right:fee":"yes","parking:right:orientation":"parallel","parking:right:zone":"C","surface":"paving_stones"}}},{"type":"Feature","id":"way/504272801","geometry":{"type":"Polygon","coordinates":[[[8.243793,53.154059],[8.244147,53.153767],[8.243832,53.153811],[8.243716,53.153831],[8.24363,53.153857],[8.243548,53.153893],[8.243503,53.153933],[8.243793,53.154059]]]},"properties":{"id":"way/504272801","kind":"lot","name":null,"parking":"surface","capacity":null,"fee":"no","feeConditional":null,"maxstay":null,"maxstayConditional":null,"access":"customers","operator":null,"openingHours":null,"residents":null,"disc":null,"charge":null,"tags":{"access":"customers","amenity":"parking","fee":"no","parking":"surface"}}},{"type":"Feature","id":"way/505211379","geometry":{"type":"Polygon","coordinates":[[[8.212743,53.138134],[8.213217,53.13802],[8.21325,53.138051],[8.213337,53.138027],[8.213361,53.138079],[8.213349,53.13812],[8.212696,53.138267],[8.212675,53.138238],[8.212802,53.138198],[8.212777,53.138169],[8.212743,53.138134]]]},"properties":{"id":"way/505211379","kind":"lot","name":null,"parking":"surface","capacity":null,"fee":"yes","feeConditional":null,"maxstay":null,"maxstayConditional":null,"access":"yes","operator":null,"openingHours":null,"residents":null,"disc":null,"charge":null,"tags":{"access":"yes","amenity":"parking","fee":"yes","park_ride":"no","parking":"surface","supervised":"no","surface":"asphalt"}}},{"type":"Feature","id":"way/542732587","geometry":{"type":"Polygon","coordinates":[[[8.225909,53.141638],[8.22615,53.141637],[8.226151,53.141707],[8.226401,53.141706],[8.226406,53.142108],[8.226149,53.14211],[8.226149,53.142174],[8.225915,53.142175],[8.22591,53.141708],[8.225909,53.141638]]]},"properties":{"id":"way/542732587","kind":"garage","name":"Parkhaus","parking":"multi-storey","capacity":252,"fee":"yes","feeConditional":null,"maxstay":null,"maxstayConditional":null,"access":"yes","operator":null,"openingHours":"24/7","residents":null,"disc":null,"charge":null,"tags":{"access":"yes","amenity":"parking","capacity":"252","capacity:charging":"10","capacity:disabled":"6","fee":"yes","name":"Parkhaus","opening_hours":"24/7","parking":"multi-storey"}}},{"type":"Feature","id":"way/563036907","geometry":{"type":"Polygon","coordinates":[[[8.196578,53.148769],[8.196531,53.148941],[8.197149,53.148996],[8.197155,53.148972],[8.197238,53.148982],[8.197273,53.148824],[8.197319,53.148829],[8.197347,53.148733],[8.197108,53.148712],[8.196995,53.148767],[8.196941,53.148792],[8.196908,53.148804],[8.196872,53.148812],[8.196861,53.148864],[8.196832,53.148861],[8.196804,53.148859],[8.196814,53.148813],[8.196763,53.148801],[8.196717,53.148778],[8.196578,53.148769]]]},"properties":{"id":"way/563036907","kind":"lot","name":null,"parking":"surface","capacity":null,"fee":"no","feeConditional":null,"maxstay":null,"maxstayConditional":null,"access":"yes","operator":"Johanniter Unfallhilfe","openingHours":null,"residents":null,"disc":null,"charge":null,"tags":{"access":"yes","amenity":"parking","fee":"no","operator":"Johanniter Unfallhilfe","parking":"surface"}}},{"type":"Feature","id":"way/563224925","geometry":{"type":"Polygon","coordinates":[[[8.194625,53.151281],[8.194621,53.151306],[8.194606,53.151404],[8.194604,53.151416],[8.194623,53.151417],[8.194618,53.15145],[8.194608,53.151518],[8.194606,53.151529],[8.194634,53.151531],[8.194657,53.151532],[8.194665,53.151482],[8.194796,53.151583],[8.194792,53.15161],[8.194891,53.151615],[8.194879,53.151696],[8.194476,53.151674],[8.194484,53.151619],[8.194348,53.151612],[8.194307,53.15161],[8.194317,53.151544],[8.19423,53.15154],[8.194272,53.151261],[8.194557,53.151277],[8.194582,53.151278],[8.194625,53.151281]]]},"properties":{"id":"way/563224925","kind":"lot","name":null,"parking":"surface","capacity":null,"fee":"no","feeConditional":null,"maxstay":null,"maxstayConditional":null,"access":"customers","operator":null,"openingHours":null,"residents":null,"disc":null,"charge":null,"tags":{"access":"customers","amenity":"parking","fee":"no","parking":"surface"}}},{"type":"Feature","id":"way/567888757","geometry":{"type":"Polygon","coordinates":[[[8.221988,53.139296],[8.221992,53.13907],[8.22203,53.13905],[8.222026,53.139265],[8.221988,53.139296]]]},"properties":{"id":"way/567888757","kind":"street","name":null,"parking":"lane","capacity":4,"fee":"yes","feeConditional":null,"maxstay":null,"maxstayConditional":null,"access":"yes","operator":null,"openingHours":null,"residents":null,"disc":null,"charge":null,"tags":{"access":"yes","amenity":"parking","capacity":"4","capacity:disabled":"1","fee":"yes","parking":"lane"}}},{"type":"Feature","id":"way/596476961","geometry":{"type":"Polygon","coordinates":[[[8.220498,53.130174],[8.221154,53.13017],[8.221153,53.13011],[8.220494,53.130102],[8.220498,53.130174]]]},"properties":{"id":"way/596476961","kind":"lot","name":null,"parking":"surface","capacity":null,"fee":null,"feeConditional":null,"maxstay":null,"maxstayConditional":null,"access":null,"operator":null,"openingHours":null,"residents":null,"disc":null,"charge":null,"tags":{"amenity":"parking"}}},{"type":"Feature","id":"way/596998315","geometry":{"type":"Polygon","coordinates":[[[8.199543,53.149044],[8.199606,53.14905],[8.199623,53.148984],[8.199559,53.148978],[8.199543,53.149044]]]},"properties":{"id":"way/596998315","kind":"street","name":null,"parking":"street_side","capacity":3,"fee":"no","feeConditional":null,"maxstay":"2 hours","maxstayConditional":null,"access":"yes","operator":null,"openingHours":null,"residents":null,"disc":null,"charge":null,"tags":{"access":"yes","amenity":"parking","capacity":"3","fee":"no","maxstay":"2 hours","parking":"street_side","supervised":"no"}}},{"type":"Feature","id":"way/638480179#right","geometry":{"type":"LineString","coordinates":[[8.194089,53.141675],[8.194032,53.141639],[8.192972,53.140948],[8.192944,53.14093]]},"properties":{"id":"way/638480179#right","kind":"street","name":"Am Zuggraben","parking":"street_side","side":"right","orientation":"parallel","fee":"no","feeConditional":null,"maxstay":null,"maxstayConditional":null,"restrictionConditional":null,"access":null,"residents":null,"disc":null,"capacity":null,"operator":null,"openingHours":null,"charge":null,"tags":{"highway":"residential","name":"Am Zuggraben","parking:right":"lane","parking:right:fee":"no","parking:right:orientation":"parallel","surface":"asphalt"}}},{"type":"Feature","id":"way/638480181#both","geometry":{"type":"LineString","coordinates":[[8.194687,53.139305],[8.194722,53.139291],[8.195547,53.138923]]},"properties":{"id":"way/638480181#both","kind":"street","name":"Tannenstraße","parking":"street_side","side":"both","orientation":"parallel","fee":null,"feeConditional":null,"maxstay":null,"maxstayConditional":null,"restrictionConditional":null,"access":null,"residents":null,"disc":null,"capacity":null,"operator":null,"openingHours":null,"charge":null,"tags":{"highway":"residential","name":"Tannenstraße","parking:both":"lane","parking:both:orientation":"parallel","parking:left:markings":"yes","parking:right:markings":"no","surface":"asphalt"}}},{"type":"Feature","id":"way/638614284#left","geometry":{"type":"LineString","coordinates":[[8.21622,53.152237],[8.216182,53.152191],[8.215788,53.151786]]},"properties":{"id":"way/638614284#left","kind":"street","name":"Ehnernstraße","parking":"street_side","side":"left","orientation":"parallel","fee":null,"feeConditional":null,"maxstay":null,"maxstayConditional":null,"restrictionConditional":null,"access":null,"residents":null,"disc":null,"capacity":null,"operator":null,"openingHours":null,"charge":null,"tags":{"highway":"residential","name":"Ehnernstraße","parking:left":"lane","parking:left:orientation":"parallel","parking:right":"no","surface":"asphalt"}}},{"type":"Feature","id":"way/638614285#left","geometry":{"type":"LineString","coordinates":[[8.215454,53.154642],[8.215772,53.154396],[8.216321,53.153903],[8.21643,53.153766],[8.216527,53.153597],[8.216617,53.15325],[8.216658,53.152959]]},"properties":{"id":"way/638614285#left","kind":"street","name":"Ehnernstraße","parking":"street_side","side":"left","orientation":"parallel","fee":null,"feeConditional":null,"maxstay":null,"maxstayConditional":null,"restrictionConditional":null,"access":null,"residents":null,"disc":null,"capacity":null,"operator":null,"openingHours":null,"charge":null,"tags":{"highway":"residential","name":"Ehnernstraße","parking:left":"lane","parking:left:orientation":"parallel","parking:right":"no","surface":"asphalt"}}},{"type":"Feature","id":"way/674452478#right","geometry":{"type":"LineString","coordinates":[[8.241326,53.141719],[8.240808,53.141673],[8.239882,53.14159],[8.239568,53.141552],[8.239296,53.141506],[8.238553,53.141364],[8.238165,53.141295],[8.237778,53.14123],[8.237328,53.141156],[8.236741,53.141068],[8.235862,53.140939],[8.23557,53.140896],[8.235364,53.14088],[8.235125,53.140863],[8.234406,53.140814],[8.23416,53.140798],[8.233843,53.140772]]},"properties":{"id":"way/674452478#right","kind":"street","name":"Stau","parking":"street_side","side":"right","orientation":"parallel","fee":null,"feeConditional":null,"maxstay":null,"maxstayConditional":null,"restrictionConditional":null,"access":null,"residents":null,"disc":null,"capacity":null,"operator":null,"openingHours":null,"charge":null,"tags":{"highway":"residential","name":"Stau","parking:left":"no","parking:right":"lane","parking:right:orientation":"parallel","surface":"asphalt","zone:traffic":"DE:urban"}}},{"type":"Feature","id":"way/682265115","geometry":{"type":"Polygon","coordinates":[[[8.218059,53.150921],[8.218494,53.150903],[8.218469,53.150684],[8.218054,53.150701],[8.21805,53.150668],[8.217507,53.15069],[8.217518,53.150791],[8.21799,53.150771],[8.217996,53.15082],[8.218047,53.150818],[8.218059,53.150921]]]},"properties":{"id":"way/682265115","kind":"lot","name":null,"parking":"surface","capacity":null,"fee":"no","feeConditional":null,"maxstay":null,"maxstayConditional":null,"access":"customers","operator":null,"openingHours":null,"residents":null,"disc":null,"charge":null,"tags":{"access":"customers","amenity":"parking","fee":"no","parking":"surface"}}},{"type":"Feature","id":"way/682267438","geometry":{"type":"Polygon","coordinates":[[[8.190825,53.144168],[8.190892,53.144142],[8.191117,53.144056],[8.19092,53.143745],[8.190805,53.143567],[8.190542,53.143332],[8.190054,53.143473],[8.190317,53.143705],[8.190332,53.143755],[8.190368,53.143802],[8.190825,53.144168]]]},"properties":{"id":"way/682267438","kind":"lot","name":null,"parking":"surface","capacity":null,"fee":"no","feeConditional":null,"maxstay":null,"maxstayConditional":null,"access":"customers","operator":null,"openingHours":null,"residents":null,"disc":null,"charge":null,"tags":{"access":"customers","amenity":"parking","fee":"no","parking":"surface"}}},{"type":"Feature","id":"way/733803462","geometry":{"type":"Polygon","coordinates":[[[8.203975,53.134234],[8.20397,53.134363],[8.20447,53.134374],[8.204459,53.13427],[8.204177,53.134272],[8.20417,53.134229],[8.203975,53.134234]]]},"properties":{"id":"way/733803462","kind":"lot","name":null,"parking":"surface","capacity":null,"fee":"no","feeConditional":null,"maxstay":null,"maxstayConditional":null,"access":"customers","operator":null,"openingHours":null,"residents":null,"disc":null,"charge":null,"tags":{"access":"customers","amenity":"parking","fee":"no","parking":"surface"}}},{"type":"Feature","id":"way/801742954","geometry":{"type":"Polygon","coordinates":[[[8.195612,53.138782],[8.195529,53.138673],[8.195652,53.13863],[8.195557,53.138476],[8.196056,53.138293],[8.196174,53.138416],[8.196039,53.138462],[8.196187,53.138624],[8.195612,53.138782]]]},"properties":{"id":"way/801742954","kind":"lot","name":null,"parking":"surface","capacity":null,"fee":null,"feeConditional":null,"maxstay":null,"maxstayConditional":null,"access":"customers","operator":null,"openingHours":null,"residents":null,"disc":null,"charge":null,"tags":{"access":"customers","amenity":"parking"}}},{"type":"Feature","id":"way/819245795#right","geometry":{"type":"LineString","coordinates":[[8.19891,53.144218],[8.198708,53.145639],[8.198672,53.145959],[8.19867,53.145976]]},"properties":{"id":"way/819245795#right","kind":"street","name":"Philosophenweg","parking":"street_side","side":"right","orientation":"parallel","fee":"no","feeConditional":null,"maxstay":null,"maxstayConditional":null,"restrictionConditional":null,"access":null,"residents":null,"disc":null,"capacity":null,"operator":null,"openingHours":null,"charge":null,"tags":{"highway":"residential","name":"Philosophenweg","parking:left":"no","parking:left:restriction":"no_stopping","parking:right":"lane","parking:right:fee":"no","parking:right:orientation":"parallel","surface":"asphalt"}}},{"type":"Feature","id":"way/856212374#right","geometry":{"type":"LineString","coordinates":[[8.207106,53.136498],[8.207077,53.136492],[8.207012,53.136496],[8.206917,53.136506],[8.206079,53.136591]]},"properties":{"id":"way/856212374#right","kind":"street","name":"Holzweg","parking":"street_side","side":"right","orientation":"parallel","fee":null,"feeConditional":null,"maxstay":null,"maxstayConditional":null,"restrictionConditional":null,"access":null,"residents":null,"disc":null,"capacity":null,"operator":null,"openingHours":null,"charge":null,"tags":{"highway":"residential","name":"Holzweg","parking:left":"no","parking:left:restriction":"no_stopping","parking:right":"lane","parking:right:orientation":"parallel","surface":"cobblestone"}}},{"type":"Feature","id":"way/858242665","geometry":{"type":"Polygon","coordinates":[[[8.199486,53.147371],[8.199785,53.147339],[8.199822,53.147046],[8.19976,53.147047],[8.19977,53.14696],[8.199637,53.146962],[8.199486,53.147371]]]},"properties":{"id":"way/858242665","kind":"lot","name":null,"parking":"surface","capacity":null,"fee":"no","feeConditional":null,"maxstay":null,"maxstayConditional":null,"access":"yes","operator":null,"openingHours":null,"residents":null,"disc":null,"charge":null,"tags":{"access":"yes","amenity":"parking","fee":"no","parking":"surface"}}},{"type":"Feature","id":"way/899170501#both","geometry":{"type":"LineString","coordinates":[[8.192733,53.139334],[8.193147,53.1398]]},"properties":{"id":"way/899170501#both","kind":"street","name":"Brakmannsweg","parking":"street_side","side":"both","orientation":"parallel","fee":"no","feeConditional":null,"maxstay":null,"maxstayConditional":null,"restrictionConditional":null,"access":null,"residents":null,"disc":null,"capacity":null,"operator":null,"openingHours":null,"charge":null,"tags":{"highway":"residential","name":"Brakmannsweg","parking:both":"shoulder","parking:both:fee":"no","parking:both:orientation":"parallel","surface":"asphalt"}}},{"type":"Feature","id":"way/913209179","geometry":{"type":"Polygon","coordinates":[[[8.241849,53.13753],[8.241531,53.137494],[8.241581,53.137048],[8.241652,53.137053],[8.242007,53.137178],[8.241849,53.13753]]]},"properties":{"id":"way/913209179","kind":"lot","name":null,"parking":"surface","capacity":null,"fee":null,"feeConditional":null,"maxstay":null,"maxstayConditional":null,"access":null,"operator":null,"openingHours":null,"residents":null,"disc":null,"charge":null,"tags":{"amenity":"parking","parking":"surface"}}},{"type":"Feature","id":"way/991666113#right","geometry":{"type":"LineString","coordinates":[[8.201727,53.139712],[8.201457,53.13974],[8.200129,53.139991],[8.199159,53.140259]]},"properties":{"id":"way/991666113#right","kind":"street","name":"Lasiusstraße","parking":"street_side","side":"right","orientation":"parallel","fee":"no","feeConditional":null,"maxstay":null,"maxstayConditional":null,"restrictionConditional":null,"access":null,"residents":null,"disc":null,"capacity":null,"operator":null,"openingHours":null,"charge":null,"tags":{"highway":"residential","name":"Lasiusstraße","parking:left":"no","parking:left:restriction":"no_stopping","parking:right":"shoulder","parking:right:fee":"no","parking:right:orientation":"parallel","surface":"asphalt"}}},{"type":"Feature","id":"way/991666115#right","geometry":{"type":"LineString","coordinates":[[8.199159,53.140259],[8.198534,53.140501],[8.197031,53.141017]]},"properties":{"id":"way/991666115#right","kind":"street","name":"Lasiusstraße","parking":"street_side","side":"right","orientation":"parallel","fee":null,"feeConditional":null,"maxstay":null,"maxstayConditional":null,"restrictionConditional":null,"access":null,"residents":null,"disc":null,"capacity":null,"operator":null,"openingHours":null,"charge":null,"tags":{"highway":"residential","name":"Lasiusstraße","parking:left":"no","parking:right":"shoulder","parking:right:orientation":"parallel","surface":"asphalt"}}},{"type":"Feature","id":"way/1021124802","geometry":{"type":"Polygon","coordinates":[[[8.19958,53.134003],[8.199628,53.133943],[8.199797,53.133837],[8.199753,53.133812],[8.199585,53.133917],[8.199532,53.133976],[8.19958,53.134003]]]},"properties":{"id":"way/1021124802","kind":"lot","name":"Eversten Markt","parking":"surface","capacity":10,"fee":"Mo-Sa 08:00-19:00","feeConditional":null,"maxstay":null,"maxstayConditional":null,"access":"yes","operator":null,"openingHours":"open; We 05:00-15:00 off; Fr 05:00-16:00 off","residents":null,"disc":null,"charge":null,"tags":{"access":"yes","amenity":"parking","capacity":"10","fee":"Mo-Sa 08:00-19:00","name":"Eversten Markt","opening_hours":"open; We 05:00-15:00 off; Fr 05:00-16:00 off","parking":"surface","surface":"paving_stones"}}},{"type":"Feature","id":"way/1023259237#both","geometry":{"type":"LineString","coordinates":[[8.198741,53.140854],[8.198534,53.140501]]},"properties":{"id":"way/1023259237#both","kind":"street","name":"Fichtenstraße","parking":"street_side","side":"both","orientation":"parallel","fee":null,"feeConditional":null,"maxstay":null,"maxstayConditional":null,"restrictionConditional":null,"access":null,"residents":null,"disc":null,"capacity":null,"operator":null,"openingHours":null,"charge":null,"tags":{"highway":"residential","name":"Fichtenstraße","parking:both":"half_on_kerb","parking:both:orientation":"parallel","surface":"asphalt"}}},{"type":"Feature","id":"way/1068331058","geometry":{"type":"Polygon","coordinates":[[[8.225517,53.14799],[8.225732,53.148017],[8.225766,53.14793],[8.225724,53.147927],[8.225536,53.147911],[8.225517,53.14799]]]},"properties":{"id":"way/1068331058","kind":"lot","name":null,"parking":"surface","capacity":null,"fee":"no","feeConditional":null,"maxstay":null,"maxstayConditional":null,"access":"customers","operator":null,"openingHours":null,"residents":null,"disc":null,"charge":null,"tags":{"access":"customers","amenity":"parking","fee":"no","parking":"surface","surface":"pebblestone"}}},{"type":"Feature","id":"way/1082321526","geometry":{"type":"Polygon","coordinates":[[[8.205535,53.139397],[8.205566,53.139396],[8.205557,53.139345],[8.205526,53.139347],[8.205535,53.139397]]]},"properties":{"id":"way/1082321526","kind":"street","name":null,"parking":"street_side","capacity":1,"fee":"yes","feeConditional":null,"maxstay":null,"maxstayConditional":null,"access":null,"operator":null,"openingHours":null,"residents":null,"disc":null,"charge":null,"tags":{"amenity":"parking","capacity":"1","fee":"yes","parking":"street_side"}}},{"type":"Feature","id":"way/1082321527","geometry":{"type":"Polygon","coordinates":[[[8.205572,53.139615],[8.205601,53.139613],[8.205571,53.139456],[8.205543,53.139458],[8.205572,53.139615]]]},"properties":{"id":"way/1082321527","kind":"street","name":null,"parking":"street_side","capacity":3,"fee":"yes","feeConditional":null,"maxstay":null,"maxstayConditional":null,"access":null,"operator":null,"openingHours":null,"residents":null,"disc":null,"charge":null,"tags":{"amenity":"parking","capacity":"3","fee":"yes","parking":"street_side"}}},{"type":"Feature","id":"way/1082321528","geometry":{"type":"Polygon","coordinates":[[[8.20552,53.13932],[8.205551,53.139318],[8.205536,53.139221],[8.205505,53.139223],[8.20552,53.13932]]]},"properties":{"id":"way/1082321528","kind":"street","name":null,"parking":"street_side","capacity":2,"fee":"yes","feeConditional":null,"maxstay":null,"maxstayConditional":null,"access":null,"operator":null,"openingHours":null,"residents":null,"disc":null,"charge":null,"tags":{"amenity":"parking","capacity":"2","fee":"yes","parking":"street_side"}}},{"type":"Feature","id":"way/1082321529","geometry":{"type":"Polygon","coordinates":[[[8.205503,53.139197],[8.205534,53.139195],[8.205519,53.139098],[8.205488,53.1391],[8.205503,53.139197]]]},"properties":{"id":"way/1082321529","kind":"street","name":null,"parking":"street_side","capacity":2,"fee":"yes","feeConditional":null,"maxstay":null,"maxstayConditional":null,"access":null,"operator":null,"openingHours":null,"residents":null,"disc":null,"charge":null,"tags":{"amenity":"parking","capacity":"2","fee":"yes","parking":"street_side"}}},{"type":"Feature","id":"way/1082321530","geometry":{"type":"Polygon","coordinates":[[[8.205473,53.139029],[8.205507,53.139027],[8.205479,53.138854],[8.205445,53.138856],[8.205473,53.139029]]]},"properties":{"id":"way/1082321530","kind":"street","name":null,"parking":"street_side","capacity":4,"fee":"yes","feeConditional":null,"maxstay":null,"maxstayConditional":null,"access":null,"operator":null,"openingHours":null,"residents":null,"disc":null,"charge":null,"tags":{"amenity":"parking","capacity":"4","fee":"yes","parking":"street_side"}}},{"type":"Feature","id":"way/1082573939#left","geometry":{"type":"LineString","coordinates":[[8.216203,53.137319],[8.216127,53.137356],[8.216106,53.137364],[8.215929,53.137436]]},"properties":{"id":"way/1082573939#left","kind":"street","name":"Schloßplatz","parking":"street_side","side":"left","orientation":"parallel","fee":"yes","feeConditional":null,"maxstay":null,"maxstayConditional":null,"restrictionConditional":null,"access":null,"residents":null,"disc":null,"capacity":null,"operator":null,"openingHours":null,"charge":null,"tags":{"highway":"residential","name":"Schloßplatz","parking:both:fee":"yes","parking:left":"yes","parking:left:orientation":"parallel","surface":"asphalt"}}},{"type":"Feature","id":"way/1082573941#left","geometry":{"type":"LineString","coordinates":[[8.214827,53.137855],[8.214526,53.137962]]},"properties":{"id":"way/1082573941#left","kind":"street","name":"Schloßplatz","parking":"street_side","side":"left","orientation":"parallel","fee":"yes","feeConditional":null,"maxstay":null,"maxstayConditional":null,"restrictionConditional":null,"access":null,"residents":null,"disc":null,"capacity":null,"operator":null,"openingHours":null,"charge":null,"tags":{"highway":"residential","name":"Schloßplatz","parking:both:fee":"yes","parking:left":"yes","parking:left:orientation":"parallel","surface":"asphalt"}}},{"type":"Feature","id":"way/1082584818","geometry":{"type":"Polygon","coordinates":[[[8.20544,53.138832],[8.205473,53.13883],[8.205453,53.13869],[8.20542,53.138692],[8.20544,53.138832]]]},"properties":{"id":"way/1082584818","kind":"street","name":null,"parking":"street_side","capacity":3,"fee":"yes","feeConditional":null,"maxstay":null,"maxstayConditional":null,"access":null,"operator":null,"openingHours":null,"residents":null,"disc":null,"charge":null,"tags":{"amenity":"parking","capacity":"3","fee":"yes","parking":"street_side"}}},{"type":"Feature","id":"way/1082584819","geometry":{"type":"Polygon","coordinates":[[[8.205407,53.138632],[8.20544,53.13863],[8.205426,53.138526],[8.205392,53.138528],[8.205407,53.138632]]]},"properties":{"id":"way/1082584819","kind":"street","name":null,"parking":"street_side","capacity":2,"fee":"yes","feeConditional":null,"maxstay":null,"maxstayConditional":null,"access":null,"operator":null,"openingHours":null,"residents":null,"disc":null,"charge":null,"tags":{"amenity":"parking","capacity":"2","fee":"yes","parking":"street_side"}}},{"type":"Feature","id":"way/1082584820","geometry":{"type":"Polygon","coordinates":[[[8.205384,53.13851],[8.205417,53.138508],[8.205402,53.138404],[8.205369,53.138406],[8.205384,53.13851]]]},"properties":{"id":"way/1082584820","kind":"street","name":null,"parking":"street_side","capacity":2,"fee":"yes","feeConditional":null,"maxstay":null,"maxstayConditional":null,"access":null,"operator":null,"openingHours":null,"residents":null,"disc":null,"charge":null,"tags":{"amenity":"parking","capacity":"2","fee":"yes","parking":"street_side"}}},{"type":"Feature","id":"way/1082584821","geometry":{"type":"Polygon","coordinates":[[[8.205353,53.138335],[8.205384,53.138333],[8.205348,53.138098],[8.205317,53.1381],[8.205353,53.138335]]]},"properties":{"id":"way/1082584821","kind":"street","name":null,"parking":"street_side","capacity":5,"fee":"yes","feeConditional":null,"maxstay":null,"maxstayConditional":null,"access":null,"operator":null,"openingHours":null,"residents":null,"disc":null,"charge":null,"tags":{"amenity":"parking","capacity":"5","fee":"yes","parking":"street_side"}}},{"type":"Feature","id":"way/1082584822","geometry":{"type":"Polygon","coordinates":[[[8.205583,53.139675],[8.205615,53.139673],[8.205609,53.139639],[8.205577,53.139641],[8.205583,53.139675]]]},"properties":{"id":"way/1082584822","kind":"street","name":null,"parking":"street_side","capacity":1,"fee":"yes","feeConditional":null,"maxstay":null,"maxstayConditional":null,"access":null,"operator":null,"openingHours":null,"residents":null,"disc":null,"charge":null,"tags":{"amenity":"parking","capacity":"1","fee":"yes","parking":"street_side"}}},{"type":"Feature","id":"way/1082584823","geometry":{"type":"Polygon","coordinates":[[[8.20566,53.140128],[8.205688,53.140126],[8.205627,53.13977],[8.205599,53.139772],[8.20566,53.140128]]]},"properties":{"id":"way/1082584823","kind":"street","name":null,"parking":"street_side","capacity":9,"fee":"yes","feeConditional":null,"maxstay":null,"maxstayConditional":null,"access":null,"operator":null,"openingHours":null,"residents":null,"disc":null,"charge":null,"tags":{"amenity":"parking","capacity":"9","fee":"yes","parking":"street_side"}}},{"type":"Feature","id":"way/1082584824","geometry":{"type":"Polygon","coordinates":[[[8.205741,53.140564],[8.205767,53.140562],[8.205721,53.140301],[8.205694,53.140303],[8.205741,53.140564]]]},"properties":{"id":"way/1082584824","kind":"street","name":null,"parking":"street_side","capacity":7,"fee":"yes","feeConditional":null,"maxstay":null,"maxstayConditional":null,"access":null,"operator":null,"openingHours":null,"residents":null,"disc":null,"charge":null,"tags":{"amenity":"parking","capacity":"7","fee":"yes","parking":"street_side"}}},{"type":"Feature","id":"way/1082585252#right","geometry":{"type":"LineString","coordinates":[[8.207117,53.141007],[8.207101,53.140914],[8.207087,53.140838]]},"properties":{"id":"way/1082585252#right","kind":"street","name":"Herbartstraße","parking":"street_side","side":"right","orientation":"parallel","fee":"yes","feeConditional":null,"maxstay":null,"maxstayConditional":null,"restrictionConditional":null,"access":null,"residents":"A","disc":null,"capacity":3,"operator":null,"openingHours":null,"charge":null,"tags":{"highway":"residential","name":"Herbartstraße","parking:both:fee":"yes","parking:both:zone":"A","parking:right":"lane","parking:right:capacity":"3","parking:right:orientation":"parallel","surface":"asphalt"}}},{"type":"Feature","id":"way/1082585254#right","geometry":{"type":"LineString","coordinates":[[8.207083,53.140816],[8.207067,53.140725]]},"properties":{"id":"way/1082585254#right","kind":"street","name":"Herbartstraße","parking":"street_side","side":"right","orientation":"parallel","fee":"yes","feeConditional":null,"maxstay":null,"maxstayConditional":null,"restrictionConditional":null,"access":null,"residents":"A","disc":null,"capacity":2,"operator":null,"openingHours":null,"charge":null,"tags":{"highway":"residential","name":"Herbartstraße","parking:both:fee":"yes","parking:both:zone":"A","parking:right":"lane","parking:right:capacity":"2","parking:right:orientation":"parallel","surface":"asphalt"}}},{"type":"Feature","id":"way/1082585413#left","geometry":{"type":"LineString","coordinates":[[8.207038,53.140567],[8.207035,53.140549],[8.20702,53.140487],[8.207015,53.140458]]},"properties":{"id":"way/1082585413#left","kind":"street","name":"Herbartstraße","parking":"street_side","side":"left","orientation":"parallel","fee":"yes","feeConditional":null,"maxstay":null,"maxstayConditional":null,"restrictionConditional":null,"access":null,"residents":null,"disc":null,"capacity":3,"operator":null,"openingHours":null,"charge":null,"tags":{"highway":"residential","name":"Herbartstraße","parking:both:fee":"yes","parking:condition:both:residents":"A","parking:left":"lane","parking:left:capacity":"3","parking:left:orientation":"parallel","surface":"asphalt"}}},{"type":"Feature","id":"way/1082665990","geometry":{"type":"Polygon","coordinates":[[[8.206903,53.140725],[8.206898,53.140691],[8.206967,53.140688],[8.206969,53.140705],[8.206971,53.140722],[8.206903,53.140725]]]},"properties":{"id":"way/1082665990","kind":"lot","name":null,"parking":"surface","capacity":2,"fee":"no","feeConditional":null,"maxstay":null,"maxstayConditional":null,"access":"customers","operator":null,"openingHours":null,"residents":null,"disc":null,"charge":null,"tags":{"access":"customers","amenity":"parking","capacity":"2","fee":"no","parking":"surface","surface":"paving_stones"}}},{"type":"Feature","id":"way/1082673881","geometry":{"type":"Polygon","coordinates":[[[8.205361,53.137609],[8.205346,53.13751],[8.205313,53.137511],[8.205327,53.137611],[8.205361,53.137609]]]},"properties":{"id":"way/1082673881","kind":"lot","name":null,"parking":"surface","capacity":2,"fee":"no","feeConditional":null,"maxstay":null,"maxstayConditional":null,"access":"customers","operator":null,"openingHours":null,"residents":null,"disc":null,"charge":null,"tags":{"access":"customers","amenity":"parking","capacity":"2","fee":"no","parking":"surface"}}},{"type":"Feature","id":"way/1082673882","geometry":{"type":"Polygon","coordinates":[[[8.20538,53.13763],[8.205477,53.137626],[8.205479,53.137641],[8.205429,53.137643],[8.205382,53.137645],[8.20538,53.13763]]]},"properties":{"id":"way/1082673882","kind":"lot","name":null,"parking":"surface","capacity":2,"fee":"no","feeConditional":null,"maxstay":null,"maxstayConditional":null,"access":"customers","operator":null,"openingHours":null,"residents":null,"disc":null,"charge":null,"tags":{"access":"customers","amenity":"parking","capacity":"2","fee":"no","parking":"surface"}}},{"type":"Feature","id":"way/1082674421","geometry":{"type":"Polygon","coordinates":[[[8.205008,53.136701],[8.204964,53.136562],[8.204931,53.136585],[8.204964,53.136687],[8.205008,53.136701]]]},"properties":{"id":"way/1082674421","kind":"street","name":null,"parking":"street_side","capacity":2,"fee":"no","feeConditional":null,"maxstay":null,"maxstayConditional":null,"access":"yes","operator":null,"openingHours":null,"residents":null,"disc":null,"charge":null,"tags":{"access":"yes","amenity":"parking","capacity":"2","fee":"no","parking":"street_side","surface":"paving_stones"}}},{"type":"Feature","id":"way/1082686949","geometry":{"type":"Polygon","coordinates":[[[8.208633,53.140337],[8.208666,53.140356],[8.208756,53.140301],[8.208724,53.140282],[8.208633,53.140337]]]},"properties":{"id":"way/1082686949","kind":"lot","name":null,"parking":"surface","capacity":5,"fee":null,"feeConditional":null,"maxstay":null,"maxstayConditional":null,"access":"customers","operator":null,"openingHours":null,"residents":null,"disc":null,"charge":null,"tags":{"access":"customers","amenity":"parking","capacity":"5","parking":"surface","surface":"paving_stones"}}},{"type":"Feature","id":"way/1082971438","geometry":{"type":"Polygon","coordinates":[[[8.213073,53.149544],[8.213091,53.14951],[8.213069,53.149505],[8.21309,53.14946],[8.213116,53.149405],[8.213134,53.149409],[8.213152,53.149406],[8.213171,53.149402],[8.213184,53.149382],[8.213402,53.14944],[8.213358,53.149509],[8.213297,53.14949],[8.213287,53.149506],[8.213274,53.149527],[8.213251,53.149571],[8.213073,53.149544]]]},"properties":{"id":"way/1082971438","kind":"lot","name":null,"parking":"surface","capacity":null,"fee":"no","feeConditional":null,"maxstay":null,"maxstayConditional":null,"access":"customers","operator":null,"openingHours":null,"residents":null,"disc":null,"charge":null,"tags":{"access":"customers","amenity":"parking","fee":"no","parking":"surface"}}},{"type":"Feature","id":"way/1082971772","geometry":{"type":"Polygon","coordinates":[[[8.213911,53.149397],[8.213933,53.149361],[8.213673,53.149303],[8.213651,53.149339],[8.213911,53.149397]]]},"properties":{"id":"way/1082971772","kind":"lot","name":null,"parking":"surface","capacity":null,"fee":"no","feeConditional":null,"maxstay":null,"maxstayConditional":null,"access":"customers","operator":null,"openingHours":null,"residents":null,"disc":null,"charge":null,"tags":{"access":"customers","amenity":"parking","fee":"no","parking":"surface"}}},{"type":"Feature","id":"way/1082977182","geometry":{"type":"Polygon","coordinates":[[[8.211106,53.149107],[8.211194,53.149122],[8.211254,53.148991],[8.211166,53.148976],[8.211106,53.149107]]]},"properties":{"id":"way/1082977182","kind":"street","name":null,"parking":"street_side","capacity":null,"fee":"no","feeConditional":null,"maxstay":null,"maxstayConditional":null,"access":"yes","operator":null,"openingHours":null,"residents":null,"disc":null,"charge":null,"tags":{"access":"yes","amenity":"parking","capacity:disabled":"7","fee":"no","parking":"street_side","surface":"sett"}}},{"type":"Feature","id":"way/1082991637","geometry":{"type":"Polygon","coordinates":[[[8.205927,53.148618],[8.205963,53.148624],[8.206007,53.148533],[8.205971,53.148527],[8.205927,53.148618]]]},"properties":{"id":"way/1082991637","kind":"street","name":null,"parking":"street_side","capacity":2,"fee":"no","feeConditional":null,"maxstay":null,"maxstayConditional":null,"access":null,"operator":null,"openingHours":null,"residents":null,"disc":null,"charge":null,"tags":{"amenity":"parking","capacity":"2","fee":"no","parking":"street_side","surface":"sett"}}},{"type":"Feature","id":"way/1082991638","geometry":{"type":"Polygon","coordinates":[[[8.205956,53.148325],[8.205981,53.148328],[8.206,53.14828],[8.205975,53.148276],[8.205956,53.148325]]]},"properties":{"id":"way/1082991638","kind":"street","name":null,"parking":"street_side","capacity":1,"fee":"no","feeConditional":null,"maxstay":null,"maxstayConditional":null,"access":null,"operator":null,"openingHours":null,"residents":null,"disc":null,"charge":null,"tags":{"amenity":"parking","capacity":"1","fee":"no","parking":"street_side","surface":"sett"}}},{"type":"Feature","id":"way/1082991639","geometry":{"type":"Polygon","coordinates":[[[8.205999,53.14823],[8.206026,53.148237],[8.206084,53.148152],[8.206057,53.148146],[8.205999,53.14823]]]},"properties":{"id":"way/1082991639","kind":"lot","name":null,"parking":"surface","capacity":2,"fee":"no","feeConditional":null,"maxstay":null,"maxstayConditional":null,"access":null,"operator":null,"openingHours":null,"residents":null,"disc":null,"charge":null,"tags":{"amenity":"parking","capacity":"2","fee":"no","surface":"sett"}}},{"type":"Feature","id":"way/1082991640","geometry":{"type":"Polygon","coordinates":[[[8.206082,53.148117],[8.206107,53.148126],[8.206175,53.148055],[8.206247,53.147989],[8.206225,53.147978],[8.206151,53.148045],[8.206082,53.148117]]]},"properties":{"id":"way/1082991640","kind":"lot","name":null,"parking":"surface","capacity":4,"fee":"no","feeConditional":null,"maxstay":null,"maxstayConditional":null,"access":null,"operator":null,"openingHours":null,"residents":null,"disc":null,"charge":null,"tags":{"amenity":"parking","capacity":"4","fee":"no","parking":"surface","surface":"sett"}}},{"type":"Feature","id":"way/1082991641","geometry":{"type":"Polygon","coordinates":[[[8.206632,53.147752],[8.20665,53.14777],[8.206874,53.147677],[8.206856,53.147662],[8.206632,53.147752]]]},"properties":{"id":"way/1082991641","kind":"lot","name":null,"parking":"surface","capacity":4,"fee":"no","feeConditional":null,"maxstay":null,"maxstayConditional":null,"access":null,"operator":null,"openingHours":null,"residents":null,"disc":null,"charge":null,"tags":{"amenity":"parking","capacity":"4","fee":"no","parking":"surface","surface":"sett"}}},{"type":"Feature","id":"way/1082991642","geometry":{"type":"Polygon","coordinates":[[[8.207606,53.147423],[8.20762,53.147438],[8.207752,53.14739],[8.207738,53.147375],[8.207606,53.147423]]]},"properties":{"id":"way/1082991642","kind":"lot","name":null,"parking":"surface","capacity":2,"fee":"no","feeConditional":null,"maxstay":null,"maxstayConditional":null,"access":null,"operator":null,"openingHours":null,"residents":null,"disc":null,"charge":null,"tags":{"amenity":"parking","capacity":"2","fee":"no","surface":"sett"}}},{"type":"Feature","id":"way/1082991643","geometry":{"type":"Polygon","coordinates":[[[8.207791,53.147356],[8.207805,53.147371],[8.208311,53.147191],[8.208297,53.147177],[8.207791,53.147356]]]},"properties":{"id":"way/1082991643","kind":"lot","name":null,"parking":"surface","capacity":9,"fee":"no","feeConditional":null,"maxstay":null,"maxstayConditional":null,"access":null,"operator":null,"openingHours":null,"residents":null,"disc":null,"charge":null,"tags":{"amenity":"parking","capacity":"9","fee":"no","surface":"sett"}}},{"type":"Feature","id":"way/1082992451","geometry":{"type":"Polygon","coordinates":[[[8.209249,53.146843],[8.209265,53.146859],[8.209345,53.146831],[8.209329,53.146815],[8.209249,53.146843]]]},"properties":{"id":"way/1082992451","kind":"lot","name":null,"parking":"surface","capacity":1,"fee":"no","feeConditional":null,"maxstay":null,"maxstayConditional":null,"access":null,"operator":null,"openingHours":null,"residents":null,"disc":null,"charge":null,"tags":{"amenity":"parking","capacity":"1","capacity:disabled":"1","fee":"no","parking":"surface","surface":"sett"}}},{"type":"Feature","id":"way/1082992452","geometry":{"type":"Polygon","coordinates":[[[8.208773,53.14701],[8.208788,53.147025],[8.209114,53.146912],[8.209099,53.146897],[8.208907,53.146964],[8.208773,53.14701]]]},"properties":{"id":"way/1082992452","kind":"lot","name":null,"parking":"surface","capacity":5,"fee":"no","feeConditional":null,"maxstay":null,"maxstayConditional":null,"access":null,"operator":null,"openingHours":null,"residents":null,"disc":null,"charge":null,"tags":{"amenity":"parking","capacity":"5","fee":"no","parking":"surface","surface":"sett"}}},{"type":"Feature","id":"way/1083012548#right","geometry":{"type":"LineString","coordinates":[[8.209668,53.146932],[8.209625,53.147037]]},"properties":{"id":"way/1083012548#right","kind":"street","name":"Ziegelhofstraße","parking":"street_side","side":"right","orientation":"parallel","fee":"no","feeConditional":null,"maxstay":null,"maxstayConditional":null,"restrictionConditional":null,"access":null,"residents":null,"disc":null,"capacity":null,"operator":null,"openingHours":null,"charge":null,"tags":{"highway":"residential","name":"Ziegelhofstraße","parking:right":"on_street","parking:right:fee":"no","parking:right:orientation":"parallel","surface":"asphalt"}}},{"type":"Feature","id":"way/1083012550#right","geometry":{"type":"LineString","coordinates":[[8.20944,53.147482],[8.209382,53.147628]]},"properties":{"id":"way/1083012550#right","kind":"street","name":"Ziegelhofstraße","parking":"street_side","side":"right","orientation":"parallel","fee":"no","feeConditional":null,"maxstay":null,"maxstayConditional":null,"restrictionConditional":null,"access":null,"residents":null,"disc":null,"capacity":null,"operator":null,"openingHours":null,"charge":null,"tags":{"highway":"residential","name":"Ziegelhofstraße","parking:right":"on_street","parking:right:fee":"no","parking:right:orientation":"parallel","surface":"asphalt"}}},{"type":"Feature","id":"way/1083012552#right","geometry":{"type":"LineString","coordinates":[[8.209351,53.147703],[8.20932,53.14778]]},"properties":{"id":"way/1083012552#right","kind":"street","name":"Ziegelhofstraße","parking":"street_side","side":"right","orientation":"parallel","fee":"no","feeConditional":null,"maxstay":null,"maxstayConditional":null,"restrictionConditional":null,"access":null,"residents":null,"disc":null,"capacity":null,"operator":null,"openingHours":null,"charge":null,"tags":{"highway":"residential","name":"Ziegelhofstraße","parking:right":"on_street","parking:right:fee":"no","parking:right:orientation":"parallel","surface":"asphalt"}}},{"type":"Feature","id":"way/1083015079","geometry":{"type":"Polygon","coordinates":[[[8.212813,53.145556],[8.212407,53.145624],[8.21239,53.145586],[8.212796,53.145519],[8.212813,53.145556]]]},"properties":{"id":"way/1083015079","kind":"street","name":null,"parking":"street_side","capacity":10,"fee":"yes","feeConditional":null,"maxstay":null,"maxstayConditional":null,"access":"yes","operator":null,"openingHours":null,"residents":null,"disc":null,"charge":null,"tags":{"access":"yes","amenity":"parking","capacity":"10","fee":"yes","parking":"street_side","surface":"paving_stones"}}},{"type":"Feature","id":"way/1083015080","geometry":{"type":"Polygon","coordinates":[[[8.213406,53.145452],[8.213299,53.145469],[8.212967,53.145525],[8.212951,53.145492],[8.21339,53.145419],[8.213406,53.145452]]]},"properties":{"id":"way/1083015080","kind":"street","name":null,"parking":"street_side","capacity":10,"fee":"yes","feeConditional":null,"maxstay":null,"maxstayConditional":null,"access":"yes","operator":null,"openingHours":null,"residents":null,"disc":null,"charge":null,"tags":{"access":"yes","amenity":"parking","capacity":"10","fee":"yes","parking":"street_side","surface":"paving_stones"}}},{"type":"Feature","id":"way/1083243997","geometry":{"type":"Polygon","coordinates":[[[8.206672,53.139355],[8.20665,53.139245],[8.206706,53.139241],[8.206729,53.139351],[8.206672,53.139355]]]},"properties":{"id":"way/1083243997","kind":"lot","name":null,"parking":"surface","capacity":null,"fee":"yes","feeConditional":null,"maxstay":null,"maxstayConditional":null,"access":"customers","operator":null,"openingHours":null,"residents":null,"disc":null,"charge":null,"tags":{"access":"customers","amenity":"parking","fee":"yes","parking":"surface"}}},{"type":"Feature","id":"way/1083456718","geometry":{"type":"Polygon","coordinates":[[[8.206989,53.136434],[8.207003,53.136433],[8.207017,53.136432],[8.207012,53.136389],[8.206984,53.13639],[8.206989,53.136434]]]},"properties":{"id":"way/1083456718","kind":"lot","name":null,"parking":"surface","capacity":null,"fee":null,"feeConditional":null,"maxstay":null,"maxstayConditional":null,"access":null,"operator":null,"openingHours":null,"residents":null,"disc":null,"charge":null,"tags":{"amenity":"parking"}}},{"type":"Feature","id":"way/1083468065","geometry":{"type":"Polygon","coordinates":[[[8.207892,53.134955],[8.207905,53.135087],[8.207911,53.135139],[8.207574,53.135157],[8.207565,53.135113],[8.207713,53.135101],[8.207731,53.135058],[8.207782,53.134937],[8.207892,53.134955]]]},"properties":{"id":"way/1083468065","kind":"lot","name":null,"parking":"surface","capacity":null,"fee":null,"feeConditional":null,"maxstay":null,"maxstayConditional":null,"access":"customers","operator":null,"openingHours":null,"residents":null,"disc":null,"charge":null,"tags":{"access":"customers","amenity":"parking","parking":"surface"}}},{"type":"Feature","id":"way/1083468067","geometry":{"type":"Polygon","coordinates":[[[8.20816,53.135263],[8.208355,53.135257],[8.208345,53.13513],[8.208149,53.135136],[8.208154,53.1352],[8.20816,53.135263]]]},"properties":{"id":"way/1083468067","kind":"lot","name":null,"parking":"surface","capacity":null,"fee":null,"feeConditional":null,"maxstay":null,"maxstayConditional":null,"access":"customers","operator":null,"openingHours":null,"residents":null,"disc":null,"charge":null,"tags":{"access":"customers","amenity":"parking","parking":"surface"}}},{"type":"Feature","id":"way/1086450708","geometry":{"type":"Polygon","coordinates":[[[8.216739,53.141202],[8.216759,53.141209],[8.216777,53.141191],[8.216757,53.141183],[8.216748,53.141192],[8.216739,53.141202]]]},"properties":{"id":"way/1086450708","kind":"lot","name":null,"parking":"surface","capacity":2,"fee":null,"feeConditional":null,"maxstay":null,"maxstayConditional":null,"access":"customers","operator":null,"openingHours":null,"residents":null,"disc":null,"charge":null,"tags":{"access":"customers","amenity":"parking","capacity":"2","parking":"surface"}}},{"type":"Feature","id":"way/1107742960","geometry":{"type":"Polygon","coordinates":[[[8.215832,53.147538],[8.215272,53.147569],[8.215265,53.147516],[8.215861,53.147478],[8.215832,53.147538]]]},"properties":{"id":"way/1107742960","kind":"lot","name":null,"parking":"surface","capacity":null,"fee":"no","feeConditional":null,"maxstay":null,"maxstayConditional":null,"access":"customers","operator":"Hotel Sprenz","openingHours":null,"residents":null,"disc":null,"charge":null,"tags":{"access":"customers","amenity":"parking","fee":"no","operator":"Hotel Sprenz","parking":"surface","surface":"asphalt"}}},{"type":"Feature","id":"way/1107742962","geometry":{"type":"Polygon","coordinates":[[[8.215848,53.147893],[8.215996,53.147679],[8.215828,53.147637],[8.215682,53.147847],[8.215848,53.147893]]]},"properties":{"id":"way/1107742962","kind":"lot","name":null,"parking":"surface","capacity":null,"fee":"no","feeConditional":null,"maxstay":null,"maxstayConditional":null,"access":"yes","operator":null,"openingHours":null,"residents":null,"disc":null,"charge":null,"tags":{"access":"yes","amenity":"parking","fee":"no","parking":"surface","surface":"fine_gravel"}}},{"type":"Feature","id":"way/1107742965","geometry":{"type":"Polygon","coordinates":[[[8.215682,53.147847],[8.215614,53.14783],[8.21578,53.147587],[8.215849,53.147604],[8.215828,53.147637],[8.215682,53.147847]]]},"properties":{"id":"way/1107742965","kind":"lot","name":null,"parking":"surface","capacity":null,"fee":"no","feeConditional":null,"maxstay":null,"maxstayConditional":null,"access":"customers","operator":"Hotel Sprenz","openingHours":null,"residents":null,"disc":null,"charge":null,"tags":{"access":"customers","amenity":"parking","fee":"no","operator":"Hotel Sprenz","parking":"surface","surface":"asphalt"}}},{"type":"Feature","id":"way/1113415099","geometry":{"type":"Polygon","coordinates":[[[8.215544,53.137627],[8.215211,53.137754],[8.215256,53.137796],[8.215588,53.137669],[8.215544,53.137627]]]},"properties":{"id":"way/1113415099","kind":"lot","name":null,"parking":"surface","capacity":null,"fee":"yes","feeConditional":null,"maxstay":null,"maxstayConditional":null,"access":"yes","operator":null,"openingHours":null,"residents":null,"disc":null,"charge":null,"tags":{"access":"yes","amenity":"parking","fee":"yes","parking":"surface"}}},{"type":"Feature","id":"way/1113415100","geometry":{"type":"Polygon","coordinates":[[[8.215154,53.137777],[8.214945,53.137855],[8.21499,53.137898],[8.215199,53.13782],[8.215154,53.137777]]]},"properties":{"id":"way/1113415100","kind":"lot","name":null,"parking":"surface","capacity":null,"fee":"yes","feeConditional":null,"maxstay":null,"maxstayConditional":null,"access":"yes","operator":null,"openingHours":null,"residents":null,"disc":null,"charge":null,"tags":{"access":"yes","amenity":"parking","fee":"yes","parking":"surface"}}},{"type":"Feature","id":"way/1113428534","geometry":{"type":"Polygon","coordinates":[[[8.215315,53.13758],[8.215355,53.137617],[8.215559,53.137539],[8.215519,53.137501],[8.215315,53.13758]]]},"properties":{"id":"way/1113428534","kind":"lot","name":null,"parking":"surface","capacity":7,"fee":"yes","feeConditional":null,"maxstay":null,"maxstayConditional":null,"access":"yes","operator":null,"openingHours":null,"residents":null,"disc":null,"charge":null,"tags":{"access":"yes","amenity":"parking","capacity":"7","fee":"yes","park_ride":"no","parking":"surface","supervised":"no","surface":"asphalt"}}},{"type":"Feature","id":"way/1113428535","geometry":{"type":"Polygon","coordinates":[[[8.215101,53.137715],[8.215317,53.137632],[8.215277,53.137595],[8.215061,53.137677],[8.215101,53.137715]]]},"properties":{"id":"way/1113428535","kind":"lot","name":null,"parking":"surface","capacity":7,"fee":"yes","feeConditional":null,"maxstay":null,"maxstayConditional":null,"access":"yes","operator":null,"openingHours":null,"residents":null,"disc":null,"charge":null,"tags":{"access":"yes","amenity":"parking","capacity":"7","fee":"yes","park_ride":"no","parking":"surface","supervised":"no","surface":"asphalt"}}},{"type":"Feature","id":"way/1113428536","geometry":{"type":"Polygon","coordinates":[[[8.215601,53.137523],[8.215845,53.137429],[8.215805,53.137391],[8.215561,53.137485],[8.215601,53.137523]]]},"properties":{"id":"way/1113428536","kind":"lot","name":null,"parking":"surface","capacity":7,"fee":"yes","feeConditional":null,"maxstay":null,"maxstayConditional":null,"access":"yes","operator":null,"openingHours":null,"residents":null,"disc":null,"charge":null,"tags":{"access":"yes","amenity":"parking","capacity":"7","fee":"yes","park_ride":"no","parking":"surface","supervised":"no","surface":"asphalt"}}},{"type":"Feature","id":"way/1113428537","geometry":{"type":"Polygon","coordinates":[[[8.215915,53.137401],[8.216176,53.137296],[8.21616,53.137281],[8.215898,53.137387],[8.215915,53.137401]]]},"properties":{"id":"way/1113428537","kind":"lot","name":null,"parking":"surface","capacity":4,"fee":"yes","feeConditional":null,"maxstay":null,"maxstayConditional":null,"access":"yes","operator":null,"openingHours":null,"residents":null,"disc":null,"charge":null,"tags":{"access":"yes","amenity":"parking","capacity":"4","fee":"yes","park_ride":"no","parking":"surface","supervised":"no","surface":"asphalt"}}},{"type":"Feature","id":"way/1118635401","geometry":{"type":"Polygon","coordinates":[[[8.203224,53.138409],[8.20324,53.138413],[8.203259,53.138421],[8.203176,53.138162],[8.203152,53.138181],[8.203224,53.138409]]]},"properties":{"id":"way/1118635401","kind":"lot","name":null,"parking":"surface","capacity":null,"fee":null,"feeConditional":null,"maxstay":null,"maxstayConditional":null,"access":null,"operator":null,"openingHours":null,"residents":null,"disc":null,"charge":null,"tags":{"amenity":"parking"}}},{"type":"Feature","id":"way/1118635402","geometry":{"type":"Polygon","coordinates":[[[8.202107,53.138245],[8.202197,53.138543],[8.202216,53.138532],[8.202138,53.138269],[8.202107,53.138245]]]},"properties":{"id":"way/1118635402","kind":"lot","name":null,"parking":"surface","capacity":null,"fee":null,"feeConditional":null,"maxstay":null,"maxstayConditional":null,"access":null,"operator":null,"openingHours":null,"residents":null,"disc":null,"charge":null,"tags":{"amenity":"parking"}}},{"type":"Feature","id":"way/1118635698","geometry":{"type":"Polygon","coordinates":[[[8.203315,53.138384],[8.20338,53.138398],[8.203391,53.138379],[8.203315,53.138154],[8.203234,53.138136],[8.203315,53.138384]]]},"properties":{"id":"way/1118635698","kind":"lot","name":null,"parking":"surface","capacity":null,"fee":null,"feeConditional":null,"maxstay":null,"maxstayConditional":null,"access":null,"operator":null,"openingHours":null,"residents":null,"disc":null,"charge":null,"tags":{"amenity":"parking"}}},{"type":"Feature","id":"way/1118635699","geometry":{"type":"Polygon","coordinates":[[[8.202117,53.138515],[8.202037,53.138251],[8.201969,53.138282],[8.202051,53.138541],[8.202117,53.138515]]]},"properties":{"id":"way/1118635699","kind":"lot","name":null,"parking":"surface","capacity":null,"fee":null,"feeConditional":null,"maxstay":null,"maxstayConditional":null,"access":null,"operator":null,"openingHours":null,"residents":null,"disc":null,"charge":null,"tags":{"amenity":"parking"}}},{"type":"Feature","id":"way/1118635844","geometry":{"type":"Polygon","coordinates":[[[8.202248,53.138571],[8.2032,53.138468],[8.203179,53.13846],[8.203168,53.138451],[8.202268,53.13855],[8.202261,53.138562],[8.202248,53.138571]]]},"properties":{"id":"way/1118635844","kind":"lot","name":null,"parking":"surface","capacity":null,"fee":null,"feeConditional":null,"maxstay":null,"maxstayConditional":null,"access":null,"operator":null,"openingHours":null,"residents":null,"disc":null,"charge":null,"tags":{"amenity":"parking"}}},{"type":"Feature","id":"way/1118665686","geometry":{"type":"Polygon","coordinates":[[[8.203879,53.13879],[8.203811,53.138797],[8.203827,53.138852],[8.203895,53.138844],[8.203879,53.13879]]]},"properties":{"id":"way/1118665686","kind":"lot","name":null,"parking":"surface","capacity":2,"fee":null,"feeConditional":null,"maxstay":null,"maxstayConditional":null,"access":null,"operator":null,"openingHours":null,"residents":null,"disc":null,"charge":null,"tags":{"amenity":"parking","capacity":"2","capacity:disabled":"2","parking":"surface"}}},{"type":"Feature","id":"way/1118665687","geometry":{"type":"Polygon","coordinates":[[[8.203781,53.138451],[8.203831,53.138728],[8.203895,53.138723],[8.203845,53.138447],[8.203781,53.138451]]]},"properties":{"id":"way/1118665687","kind":"street","name":null,"parking":"street_side","capacity":null,"fee":null,"feeConditional":null,"maxstay":null,"maxstayConditional":null,"access":null,"operator":null,"openingHours":null,"residents":null,"disc":null,"charge":null,"tags":{"amenity":"parking","parking":"street_side"}}},{"type":"Feature","id":"way/1118665688","geometry":{"type":"Polygon","coordinates":[[[8.203805,53.138166],[8.20374,53.138192],[8.203777,53.13839],[8.203786,53.138437],[8.203852,53.138433],[8.203805,53.138166]]]},"properties":{"id":"way/1118665688","kind":"street","name":null,"parking":"street_side","capacity":null,"fee":null,"feeConditional":null,"maxstay":null,"maxstayConditional":null,"access":null,"operator":null,"openingHours":null,"residents":null,"disc":null,"charge":null,"tags":{"amenity":"parking","parking":"street_side"}}},{"type":"Feature","id":"way/1120242533","geometry":{"type":"Polygon","coordinates":[[[8.199519,53.149134],[8.199583,53.14914],[8.1996,53.149071],[8.199537,53.149065],[8.199519,53.149134]]]},"properties":{"id":"way/1120242533","kind":"street","name":null,"parking":"street_side","capacity":3,"fee":"no","feeConditional":null,"maxstay":"2 hours","maxstayConditional":null,"access":"yes","operator":null,"openingHours":null,"residents":null,"disc":null,"charge":null,"tags":{"access":"yes","amenity":"parking","capacity":"3","fee":"no","maxstay":"2 hours","parking":"street_side","supervised":"no"}}},{"type":"Feature","id":"way/1120242534","geometry":{"type":"Polygon","coordinates":[[[8.199498,53.149222],[8.19956,53.149228],[8.199577,53.149162],[8.199514,53.149155],[8.199498,53.149222]]]},"properties":{"id":"way/1120242534","kind":"street","name":null,"parking":"street_side","capacity":3,"fee":"no","feeConditional":null,"maxstay":"2 hours","maxstayConditional":null,"access":"yes","operator":null,"openingHours":null,"residents":null,"disc":null,"charge":null,"tags":{"access":"yes","amenity":"parking","capacity":"3","fee":"no","maxstay":"2 hours","parking":"street_side","supervised":"no"}}},{"type":"Feature","id":"way/1120242536","geometry":{"type":"Polygon","coordinates":[[[8.199475,53.149308],[8.199539,53.149314],[8.199555,53.149254],[8.199491,53.149248],[8.199475,53.149308]]]},"properties":{"id":"way/1120242536","kind":"street","name":null,"parking":"street_side","capacity":1,"fee":"no","feeConditional":null,"maxstay":"2 hours","maxstayConditional":null,"access":"yes","operator":null,"openingHours":null,"residents":null,"disc":null,"charge":null,"tags":{"access":"yes","amenity":"parking","capacity":"1","fee":"no","maxstay":"2 hours","parking":"street_side","supervised":"no"}}},{"type":"Feature","id":"way/1120242549","geometry":{"type":"Polygon","coordinates":[[[8.199621,53.148751],[8.199638,53.148688],[8.199704,53.148695],[8.199686,53.148757],[8.199621,53.148751]]]},"properties":{"id":"way/1120242549","kind":"street","name":null,"parking":"street_side","capacity":3,"fee":"no","feeConditional":null,"maxstay":null,"maxstayConditional":null,"access":"yes","operator":null,"openingHours":null,"residents":null,"disc":null,"charge":null,"tags":{"access":"yes","amenity":"parking","capacity":"3","fee":"no","parking":"street_side","supervised":"no"}}},{"type":"Feature","id":"way/1120242550","geometry":{"type":"Polygon","coordinates":[[[8.199645,53.148664],[8.199651,53.148642],[8.199716,53.148649],[8.19971,53.148671],[8.199645,53.148664]]]},"properties":{"id":"way/1120242550","kind":"street","name":null,"parking":"street_side","capacity":1,"fee":"no","feeConditional":null,"maxstay":null,"maxstayConditional":null,"access":"yes","operator":null,"openingHours":null,"residents":null,"disc":null,"charge":null,"tags":{"access":"yes","amenity":"parking","capacity":"1","fee":"no","parking":"street_side","supervised":"no"}}},{"type":"Feature","id":"way/1120242551","geometry":{"type":"Polygon","coordinates":[[[8.199598,53.149341],[8.199605,53.149316],[8.199622,53.149256],[8.199629,53.149231],[8.199647,53.149165],[8.199654,53.149141],[8.199672,53.149077],[8.199678,53.149053],[8.199685,53.149029],[8.199722,53.149033],[8.199635,53.149345],[8.199598,53.149341]]]},"properties":{"id":"way/1120242551","kind":"street","name":null,"parking":"lane","capacity":null,"fee":null,"feeConditional":null,"maxstay":null,"maxstayConditional":null,"access":"yes","operator":null,"openingHours":null,"residents":null,"disc":null,"charge":null,"tags":{"access":"yes","amenity":"parking","parking":"lane"}}},{"type":"Feature","id":"way/1120242552","geometry":{"type":"Polygon","coordinates":[[[8.199775,53.148835],[8.199735,53.148831],[8.199746,53.148791],[8.199754,53.148764],[8.199771,53.148702],[8.199811,53.148706],[8.199775,53.148835]]]},"properties":{"id":"way/1120242552","kind":"street","name":null,"parking":"street_side","capacity":null,"fee":null,"feeConditional":null,"maxstay":null,"maxstayConditional":null,"access":null,"operator":null,"openingHours":null,"residents":null,"disc":null,"charge":null,"tags":{"amenity":"parking","parking":"street_side"}}},{"type":"Feature","id":"way/1120242553","geometry":{"type":"Polygon","coordinates":[[[8.199842,53.148864],[8.199845,53.148867],[8.199851,53.148868],[8.199873,53.14887],[8.199826,53.149034],[8.199807,53.149032],[8.199801,53.149032],[8.199796,53.149033],[8.199842,53.148864]]]},"properties":{"id":"way/1120242553","kind":"street","name":null,"parking":"street_side","capacity":null,"fee":null,"feeConditional":null,"maxstay":"load-unload","maxstayConditional":null,"access":null,"operator":null,"openingHours":null,"residents":null,"disc":null,"charge":null,"tags":{"amenity":"parking","maxstay":"load-unload","parking":"street_side"}}},{"type":"Feature","id":"way/1120242554","geometry":{"type":"Polygon","coordinates":[[[8.199779,53.149101],[8.199781,53.149104],[8.199787,53.149106],[8.199812,53.149108],[8.199791,53.149186],[8.199783,53.149214],[8.199778,53.149234],[8.199736,53.149395],[8.1997,53.149392],[8.199779,53.149101]]]},"properties":{"id":"way/1120242554","kind":"street","name":null,"parking":"street_side","capacity":5,"fee":null,"feeConditional":null,"maxstay":null,"maxstayConditional":null,"access":"yes","operator":null,"openingHours":null,"residents":null,"disc":null,"charge":null,"tags":{"access":"yes","amenity":"parking","capacity":"5","parking":"street_side"}}},{"type":"Feature","id":"way/1120461319","geometry":{"type":"Polygon","coordinates":[[[8.197519,53.149818],[8.19753,53.149776],[8.197641,53.149786],[8.19763,53.149828],[8.197519,53.149818]]]},"properties":{"id":"way/1120461319","kind":"street","name":null,"parking":"street_side","capacity":3,"fee":null,"feeConditional":null,"maxstay":null,"maxstayConditional":null,"access":null,"operator":null,"openingHours":null,"residents":null,"disc":null,"charge":null,"tags":{"amenity":"parking","capacity":"3","parking":"street_side"}}},{"type":"Feature","id":"way/1120461325","geometry":{"type":"Polygon","coordinates":[[[8.198217,53.149882],[8.198228,53.149838],[8.1978,53.149799],[8.197789,53.149843],[8.198217,53.149882]]]},"properties":{"id":"way/1120461325","kind":"street","name":null,"parking":"street_side","capacity":11,"fee":null,"feeConditional":null,"maxstay":null,"maxstayConditional":null,"access":null,"operator":null,"openingHours":null,"residents":null,"disc":null,"charge":null,"tags":{"amenity":"parking","capacity":"11","capacity:disabled":"2","parking":"street_side"}}},{"type":"Feature","id":"way/1120461327","geometry":{"type":"Polygon","coordinates":[[[8.198333,53.149773],[8.198403,53.149781],[8.198435,53.149677],[8.198365,53.149669],[8.198333,53.149773]]]},"properties":{"id":"way/1120461327","kind":"street","name":null,"parking":"street_side","capacity":4,"fee":null,"feeConditional":null,"maxstay":null,"maxstayConditional":null,"access":null,"operator":null,"openingHours":null,"residents":null,"disc":null,"charge":null,"tags":{"amenity":"parking","capacity":"4","capacity:disabled":"2","parking":"street_side"}}},{"type":"Feature","id":"way/1120461348","geometry":{"type":"Polygon","coordinates":[[[8.194452,53.149539],[8.194463,53.149537],[8.194468,53.149532],[8.194471,53.149519],[8.194571,53.149528],[8.194569,53.149541],[8.194574,53.149547],[8.194582,53.149551],[8.194452,53.149539]]]},"properties":{"id":"way/1120461348","kind":"street","name":null,"parking":"street_side","capacity":1,"fee":null,"feeConditional":null,"maxstay":null,"maxstayConditional":null,"access":null,"operator":null,"openingHours":null,"residents":null,"disc":null,"charge":null,"tags":{"amenity":"parking","capacity":"1","parking":"street_side"}}},{"type":"Feature","id":"way/1120461349","geometry":{"type":"Polygon","coordinates":[[[8.194664,53.149558],[8.194677,53.149555],[8.194683,53.14955],[8.194686,53.149539],[8.194788,53.149548],[8.194785,53.149561],[8.194789,53.149566],[8.194799,53.149571],[8.194664,53.149558]]]},"properties":{"id":"way/1120461349","kind":"street","name":null,"parking":"street_side","capacity":1,"fee":null,"feeConditional":null,"maxstay":null,"maxstayConditional":null,"access":null,"operator":null,"openingHours":null,"residents":null,"disc":null,"charge":null,"tags":{"amenity":"parking","capacity":"1","parking":"street_side"}}},{"type":"Feature","id":"way/1120461350","geometry":{"type":"Polygon","coordinates":[[[8.195098,53.149598],[8.195107,53.149596],[8.195112,53.14959],[8.195115,53.149578],[8.195214,53.149587],[8.195211,53.149599],[8.195215,53.149605],[8.195225,53.149609],[8.195098,53.149598]]]},"properties":{"id":"way/1120461350","kind":"street","name":null,"parking":"street_side","capacity":1,"fee":null,"feeConditional":null,"maxstay":null,"maxstayConditional":null,"access":null,"operator":null,"openingHours":null,"residents":null,"disc":null,"charge":null,"tags":{"amenity":"parking","capacity":"1","parking":"street_side"}}},{"type":"Feature","id":"way/1120461351","geometry":{"type":"Polygon","coordinates":[[[8.19531,53.149617],[8.195321,53.149615],[8.195326,53.149609],[8.195329,53.149598],[8.195433,53.149607],[8.195431,53.149619],[8.195433,53.149625],[8.195442,53.149629],[8.19531,53.149617]]]},"properties":{"id":"way/1120461351","kind":"street","name":null,"parking":"street_side","capacity":1,"fee":null,"feeConditional":null,"maxstay":null,"maxstayConditional":null,"access":null,"operator":null,"openingHours":null,"residents":null,"disc":null,"charge":null,"tags":{"amenity":"parking","capacity":"1","parking":"street_side"}}},{"type":"Feature","id":"way/1120461352","geometry":{"type":"Polygon","coordinates":[[[8.195533,53.149637],[8.195542,53.149634],[8.195546,53.149629],[8.195549,53.149618],[8.195652,53.149628],[8.19565,53.149639],[8.195653,53.149645],[8.195662,53.149649],[8.195533,53.149637]]]},"properties":{"id":"way/1120461352","kind":"street","name":null,"parking":"street_side","capacity":1,"fee":null,"feeConditional":null,"maxstay":null,"maxstayConditional":null,"access":null,"operator":null,"openingHours":null,"residents":null,"disc":null,"charge":null,"tags":{"amenity":"parking","capacity":"1","parking":"street_side"}}},{"type":"Feature","id":"way/1120461353","geometry":{"type":"Polygon","coordinates":[[[8.195749,53.149657],[8.19576,53.149655],[8.195765,53.14965],[8.195768,53.149638],[8.195853,53.149646],[8.195851,53.149657],[8.195857,53.149664],[8.19587,53.149668],[8.195749,53.149657]]]},"properties":{"id":"way/1120461353","kind":"street","name":null,"parking":"street_side","capacity":1,"fee":null,"feeConditional":null,"maxstay":null,"maxstayConditional":null,"access":null,"operator":null,"openingHours":null,"residents":null,"disc":null,"charge":null,"tags":{"amenity":"parking","capacity":"1","parking":"street_side"}}},{"type":"Feature","id":"way/1123469140","geometry":{"type":"Polygon","coordinates":[[[8.226361,53.138497],[8.226737,53.138387],[8.226697,53.138338],[8.22677,53.138317],[8.226736,53.138276],[8.226288,53.138406],[8.226361,53.138497]]]},"properties":{"id":"way/1123469140","kind":"lot","name":null,"parking":"surface","capacity":null,"fee":null,"feeConditional":null,"maxstay":null,"maxstayConditional":null,"access":null,"operator":null,"openingHours":null,"residents":null,"disc":null,"charge":null,"tags":{"amenity":"parking"}}},{"type":"Feature","id":"way/1124030612","geometry":{"type":"Polygon","coordinates":[[[8.206761,53.151681],[8.20682,53.151692],[8.206911,53.1515],[8.206852,53.15149],[8.206761,53.151681]]]},"properties":{"id":"way/1124030612","kind":"street","name":null,"parking":"street_side","capacity":null,"fee":null,"feeConditional":null,"maxstay":null,"maxstayConditional":null,"access":null,"operator":null,"openingHours":null,"residents":null,"disc":null,"charge":null,"tags":{"amenity":"parking","parking":"street_side"}}},{"type":"Feature","id":"way/1124030613","geometry":{"type":"Polygon","coordinates":[[[8.206755,53.151849],[8.206814,53.151837],[8.206748,53.151721],[8.206689,53.151733],[8.206755,53.151849]]]},"properties":{"id":"way/1124030613","kind":"street","name":null,"parking":"street_side","capacity":null,"fee":null,"feeConditional":null,"maxstay":null,"maxstayConditional":null,"access":null,"operator":null,"openingHours":null,"residents":null,"disc":null,"charge":null,"tags":{"amenity":"parking","parking":"street_side"}}},{"type":"Feature","id":"way/1124030614","geometry":{"type":"Polygon","coordinates":[[[8.206928,53.151791],[8.20687,53.151781],[8.206905,53.151705],[8.206963,53.151714],[8.206928,53.151791]]]},"properties":{"id":"way/1124030614","kind":"street","name":null,"parking":"street_side","capacity":null,"fee":null,"feeConditional":null,"maxstay":null,"maxstayConditional":null,"access":null,"operator":null,"openingHours":null,"residents":null,"disc":null,"charge":null,"tags":{"amenity":"parking","parking":"street_side"}}},{"type":"Feature","id":"way/1124030615","geometry":{"type":"Polygon","coordinates":[[[8.2066,53.151705],[8.206662,53.151692],[8.206599,53.151578],[8.206534,53.151591],[8.206567,53.151648],[8.2066,53.151705]]]},"properties":{"id":"way/1124030615","kind":"street","name":null,"parking":"street_side","capacity":null,"fee":null,"feeConditional":null,"maxstay":null,"maxstayConditional":null,"access":null,"operator":null,"openingHours":null,"residents":null,"disc":null,"charge":null,"tags":{"amenity":"parking","parking":"street_side"}}},{"type":"Feature","id":"way/1124322005","geometry":{"type":"Polygon","coordinates":[[[8.236379,53.144445],[8.236719,53.144448],[8.236716,53.144571],[8.236376,53.144568],[8.236379,53.144445]]]},"properties":{"id":"way/1124322005","kind":"street","name":null,"parking":"street_side","capacity":null,"fee":null,"feeConditional":null,"maxstay":null,"maxstayConditional":null,"access":null,"operator":null,"openingHours":null,"residents":null,"disc":null,"charge":null,"tags":{"amenity":"parking","parking":"street_side"}}},{"type":"Feature","id":"way/1124497268","geometry":{"type":"Polygon","coordinates":[[[8.22384,53.145935],[8.223771,53.145946],[8.223674,53.145726],[8.223742,53.145716],[8.22384,53.145935]]]},"properties":{"id":"way/1124497268","kind":"street","name":null,"parking":"lane","capacity":null,"fee":null,"feeConditional":null,"maxstay":null,"maxstayConditional":null,"access":null,"operator":null,"openingHours":null,"residents":null,"disc":null,"charge":null,"tags":{"amenity":"parking","parking":"lane"}}},{"type":"Feature","id":"way/1124497269","geometry":{"type":"Polygon","coordinates":[[[8.224616,53.14592],[8.224689,53.145909],[8.224671,53.145864],[8.224598,53.145875],[8.224616,53.14592]]]},"properties":{"id":"way/1124497269","kind":"street","name":null,"parking":"lane","capacity":null,"fee":null,"feeConditional":null,"maxstay":null,"maxstayConditional":null,"access":null,"operator":null,"openingHours":null,"residents":null,"disc":null,"charge":null,"tags":{"amenity":"parking","parking":"lane"}}},{"type":"Feature","id":"way/1124497270","geometry":{"type":"Polygon","coordinates":[[[8.224416,53.145895],[8.224493,53.145883],[8.224353,53.145562],[8.224275,53.145574],[8.224347,53.145739],[8.224329,53.145742],[8.224332,53.145749],[8.224352,53.145746],[8.224379,53.145809],[8.224416,53.145895]]]},"properties":{"id":"way/1124497270","kind":"street","name":null,"parking":"lane","capacity":null,"fee":null,"feeConditional":null,"maxstay":null,"maxstayConditional":null,"access":null,"operator":null,"openingHours":null,"residents":null,"disc":null,"charge":null,"tags":{"amenity":"parking","parking":"lane"}}},{"type":"Feature","id":"way/1124497271","geometry":{"type":"Polygon","coordinates":[[[8.22446,53.14555],[8.22453,53.145539],[8.224652,53.145826],[8.224581,53.145837],[8.22446,53.14555]]]},"properties":{"id":"way/1124497271","kind":"street","name":null,"parking":"lane","capacity":null,"fee":null,"feeConditional":null,"maxstay":null,"maxstayConditional":null,"access":null,"operator":null,"openingHours":null,"residents":null,"disc":null,"charge":null,"tags":{"amenity":"parking","parking":"lane"}}},{"type":"Feature","id":"way/1124497272","geometry":{"type":"Polygon","coordinates":[[[8.224453,53.145536],[8.224441,53.145507],[8.224515,53.145496],[8.224528,53.145525],[8.224453,53.145536]]]},"properties":{"id":"way/1124497272","kind":"street","name":null,"parking":"lane","capacity":null,"fee":null,"feeConditional":null,"maxstay":null,"maxstayConditional":null,"access":null,"operator":null,"openingHours":null,"residents":null,"disc":null,"charge":null,"tags":{"amenity":"parking","parking":"lane"}}},{"type":"Feature","id":"way/1124804913","geometry":{"type":"Polygon","coordinates":[[[8.226162,53.138336],[8.226192,53.138372],[8.226652,53.138235],[8.226622,53.138199],[8.226478,53.138242],[8.226162,53.138336]]]},"properties":{"id":"way/1124804913","kind":"lot","name":null,"parking":"surface","capacity":null,"fee":null,"feeConditional":null,"maxstay":null,"maxstayConditional":null,"access":null,"operator":null,"openingHours":null,"residents":null,"disc":null,"charge":null,"tags":{"amenity":"parking"}}},{"type":"Feature","id":"way/1124804915","geometry":{"type":"Polygon","coordinates":[[[8.226482,53.13804],[8.226507,53.137999],[8.226547,53.137999],[8.226582,53.137999],[8.226619,53.13801],[8.226653,53.138023],[8.226628,53.13806],[8.226594,53.138049],[8.226558,53.138041],[8.226518,53.138039],[8.226482,53.13804]]]},"properties":{"id":"way/1124804915","kind":"lot","name":null,"parking":"surface","capacity":null,"fee":null,"feeConditional":null,"maxstay":null,"maxstayConditional":null,"access":null,"operator":null,"openingHours":null,"residents":null,"disc":null,"charge":null,"tags":{"amenity":"parking"}}},{"type":"Feature","id":"way/1124804916","geometry":{"type":"Polygon","coordinates":[[[8.226706,53.138207],[8.226777,53.138185],[8.226675,53.138066],[8.226604,53.138087],[8.226706,53.138207]]]},"properties":{"id":"way/1124804916","kind":"lot","name":null,"parking":"surface","capacity":null,"fee":null,"feeConditional":null,"maxstay":null,"maxstayConditional":null,"access":null,"operator":null,"openingHours":null,"residents":null,"disc":null,"charge":null,"tags":{"amenity":"parking"}}},{"type":"Feature","id":"way/1124804917","geometry":{"type":"Polygon","coordinates":[[[8.226599,53.138539],[8.226563,53.138495],[8.226768,53.138433],[8.226804,53.138476],[8.226599,53.138539]]]},"properties":{"id":"way/1124804917","kind":"lot","name":null,"parking":"surface","capacity":null,"fee":null,"feeConditional":null,"maxstay":null,"maxstayConditional":null,"access":null,"operator":null,"openingHours":null,"residents":null,"disc":null,"charge":null,"tags":{"amenity":"parking"}}},{"type":"Feature","id":"way/1124804918","geometry":{"type":"Polygon","coordinates":[[[8.226047,53.138357],[8.226123,53.13837],[8.226207,53.13848],[8.226127,53.138466],[8.226047,53.138357]]]},"properties":{"id":"way/1124804918","kind":"lot","name":null,"parking":"surface","capacity":null,"fee":null,"feeConditional":null,"maxstay":null,"maxstayConditional":null,"access":null,"operator":null,"openingHours":null,"residents":null,"disc":null,"charge":null,"tags":{"amenity":"parking"}}},{"type":"Feature","id":"way/1124804919","geometry":{"type":"Polygon","coordinates":[[[8.226226,53.138188],[8.226198,53.138154],[8.226339,53.138112],[8.226368,53.138146],[8.226226,53.138188]]]},"properties":{"id":"way/1124804919","kind":"lot","name":null,"parking":"surface","capacity":null,"fee":null,"feeConditional":null,"maxstay":null,"maxstayConditional":null,"access":null,"operator":null,"openingHours":null,"residents":null,"disc":null,"charge":null,"tags":{"amenity":"parking"}}},{"type":"Feature","id":"way/1124804920","geometry":{"type":"Polygon","coordinates":[[[8.226323,53.138001],[8.22626,53.137973],[8.226003,53.13818],[8.226065,53.138208],[8.226323,53.138001]]]},"properties":{"id":"way/1124804920","kind":"lot","name":null,"parking":"surface","capacity":null,"fee":null,"feeConditional":null,"maxstay":null,"maxstayConditional":null,"access":null,"operator":null,"openingHours":null,"residents":null,"disc":null,"charge":null,"tags":{"amenity":"parking"}}},{"type":"Feature","id":"way/1124804929","geometry":{"type":"Polygon","coordinates":[[[8.228877,53.137542],[8.229323,53.137707],[8.229433,53.137689],[8.228965,53.137511],[8.228877,53.137542]]]},"properties":{"id":"way/1124804929","kind":"lot","name":null,"parking":"surface","capacity":null,"fee":null,"feeConditional":null,"maxstay":null,"maxstayConditional":null,"access":null,"operator":null,"openingHours":null,"residents":null,"disc":null,"charge":null,"tags":{"amenity":"parking"}}},{"type":"Feature","id":"way/1124804946","geometry":{"type":"Polygon","coordinates":[[[8.226972,53.138169],[8.227253,53.137854],[8.227322,53.137876],[8.227357,53.137838],[8.227712,53.137952],[8.22765,53.13802],[8.22775,53.138052],[8.227542,53.138285],[8.227365,53.138482],[8.227209,53.138432],[8.227246,53.13839],[8.227092,53.138341],[8.227132,53.138296],[8.227072,53.138276],[8.227124,53.138218],[8.226972,53.138169]]]},"properties":{"id":"way/1124804946","kind":"lot","name":null,"parking":"surface","capacity":null,"fee":"no","feeConditional":null,"maxstay":null,"maxstayConditional":null,"access":"customers","operator":"beneFit","openingHours":null,"residents":null,"disc":null,"charge":null,"tags":{"access":"customers","amenity":"parking","fee":"no","operator":"beneFit","parking":"surface"}}},{"type":"Feature","id":"way/1126383084","geometry":{"type":"Polygon","coordinates":[[[8.207777,53.151583],[8.207807,53.151519],[8.207758,53.151511],[8.207728,53.151574],[8.207777,53.151583]]]},"properties":{"id":"way/1126383084","kind":"street","name":null,"parking":"street_side","capacity":null,"fee":"no","feeConditional":null,"maxstay":null,"maxstayConditional":null,"access":null,"operator":null,"openingHours":null,"residents":null,"disc":null,"charge":null,"tags":{"amenity":"parking","capacity:disabled":"3","fee":"no","parking":"street_side","surface":"paving_stones"}}},{"type":"Feature","id":"way/1126383085","geometry":{"type":"Polygon","coordinates":[[[8.207817,53.151498],[8.207899,53.151323],[8.207864,53.151316],[8.207851,53.151314],[8.207768,53.151489],[8.207817,53.151498]]]},"properties":{"id":"way/1126383085","kind":"street","name":null,"parking":"street_side","capacity":8,"fee":"no","feeConditional":null,"maxstay":null,"maxstayConditional":null,"access":null,"operator":null,"openingHours":null,"residents":null,"disc":null,"charge":null,"tags":{"amenity":"parking","capacity":"8","fee":"no","parking":"street_side","surface":"paving_stones"}}},{"type":"Feature","id":"way/1126383086","geometry":{"type":"Polygon","coordinates":[[[8.207998,53.151113],[8.207905,53.151311],[8.207871,53.151305],[8.207856,53.151303],[8.20795,53.151104],[8.207998,53.151113]]]},"properties":{"id":"way/1126383086","kind":"street","name":null,"parking":"street_side","capacity":9,"fee":"no","feeConditional":null,"maxstay":null,"maxstayConditional":null,"access":null,"operator":null,"openingHours":null,"residents":null,"disc":null,"charge":null,"tags":{"amenity":"parking","capacity":"9","fee":"no","parking":"street_side","surface":"paving_stones"}}},{"type":"Feature","id":"way/1126383087","geometry":{"type":"Polygon","coordinates":[[[8.208111,53.150874],[8.20817,53.150749],[8.208121,53.15074],[8.208101,53.150783],[8.208062,53.150865],[8.208078,53.150868],[8.208111,53.150874]]]},"properties":{"id":"way/1126383087","kind":"street","name":null,"parking":"street_side","capacity":6,"fee":"no","feeConditional":null,"maxstay":null,"maxstayConditional":null,"access":null,"operator":null,"openingHours":null,"residents":null,"disc":null,"charge":null,"tags":{"amenity":"parking","capacity":"6","fee":"no","parking":"street_side","surface":"paving_stones"}}},{"type":"Feature","id":"way/1126383088","geometry":{"type":"Polygon","coordinates":[[[8.208008,53.151092],[8.20796,53.151084],[8.208055,53.15088],[8.20807,53.150882],[8.208104,53.150888],[8.208008,53.151092]]]},"properties":{"id":"way/1126383088","kind":"street","name":null,"parking":"street_side","capacity":9,"fee":"no","feeConditional":null,"maxstay":null,"maxstayConditional":null,"access":null,"operator":null,"openingHours":null,"residents":null,"disc":null,"charge":null,"tags":{"amenity":"parking","capacity":"9","fee":"no","parking":"street_side","surface":"paving_stones"}}},{"type":"Feature","id":"way/1126383089","geometry":{"type":"Polygon","coordinates":[[[8.2077,53.151745],[8.207777,53.151583],[8.207728,53.151574],[8.207652,53.151737],[8.2077,53.151745]]]},"properties":{"id":"way/1126383089","kind":"street","name":null,"parking":"street_side","capacity":8,"fee":"no","feeConditional":null,"maxstay":null,"maxstayConditional":null,"access":null,"operator":null,"openingHours":null,"residents":null,"disc":null,"charge":null,"tags":{"amenity":"parking","capacity":"8","fee":"no","parking":"street_side","surface":"paving_stones"}}},{"type":"Feature","id":"way/1126383090","geometry":{"type":"Polygon","coordinates":[[[8.208877,53.150881],[8.208347,53.150717],[8.208314,53.150679],[8.208896,53.150859],[8.208877,53.150881]]]},"properties":{"id":"way/1126383090","kind":"street","name":null,"parking":"street_side","capacity":null,"fee":"no","feeConditional":null,"maxstay":null,"maxstayConditional":null,"access":null,"operator":null,"openingHours":null,"residents":null,"disc":null,"charge":null,"tags":{"amenity":"parking","fee":"no","parking":"street_side","surface":"paving_stones"}}},{"type":"Feature","id":"way/1126691180#right","geometry":{"type":"LineString","coordinates":[[8.207109,53.152798],[8.207116,53.152782],[8.207141,53.15273],[8.207252,53.152493],[8.207487,53.151988],[8.207572,53.151806]]},"properties":{"id":"way/1126691180#right","kind":"street","name":"Mars-la-Tour-Straße","parking":"street_side","side":"right","orientation":"parallel","fee":null,"feeConditional":null,"maxstay":null,"maxstayConditional":null,"restrictionConditional":null,"access":null,"residents":null,"disc":null,"capacity":null,"operator":null,"openingHours":null,"charge":null,"tags":{"highway":"residential","name":"Mars-la-Tour-Straße","parking:left":"no","parking:right":"lane","parking:right:orientation":"parallel","surface":"asphalt"}}},{"type":"Feature","id":"way/1126735465#both","geometry":{"type":"LineString","coordinates":[[8.206993,53.148789],[8.207,53.148749],[8.207002,53.148742],[8.207005,53.148728],[8.207045,53.148602],[8.207107,53.148414],[8.20716,53.148275],[8.207214,53.148139],[8.207306,53.147923],[8.207453,53.147626],[8.207457,53.147612],[8.207457,53.147599]]},"properties":{"id":"way/1126735465#both","kind":"street","name":"Hochhauser Straße","parking":"street_side","side":"both","orientation":"parallel","fee":"no","feeConditional":null,"maxstay":null,"maxstayConditional":null,"restrictionConditional":null,"access":null,"residents":null,"disc":null,"capacity":null,"operator":null,"openingHours":null,"charge":null,"tags":{"highway":"residential","name":"Hochhauser Straße","parking:both":"half_on_kerb","parking:both:fee":"no","parking:both:orientation":"parallel","surface":"sett"}}},{"type":"Feature","id":"way/1126754396","geometry":{"type":"Polygon","coordinates":[[[8.210901,53.147256],[8.21106,53.147079],[8.211128,53.147101],[8.210969,53.147278],[8.210901,53.147256]]]},"properties":{"id":"way/1126754396","kind":"street","name":null,"parking":"street_side","capacity":null,"fee":null,"feeConditional":null,"maxstay":null,"maxstayConditional":null,"access":null,"operator":null,"openingHours":null,"residents":null,"disc":null,"charge":null,"tags":{"amenity":"parking","parking":"street_side"}}},{"type":"Feature","id":"way/1127232642","geometry":{"type":"Polygon","coordinates":[[[8.207351,53.152168],[8.207383,53.152174],[8.207458,53.152013],[8.207426,53.152008],[8.207351,53.152168]]]},"properties":{"id":"way/1127232642","kind":"street","name":null,"parking":"street_side","capacity":null,"fee":"no","feeConditional":null,"maxstay":null,"maxstayConditional":null,"access":"yes","operator":null,"openingHours":null,"residents":null,"disc":null,"charge":null,"tags":{"access":"yes","amenity":"parking","fee":"no","parking":"street_side","surface":"asphalt"}}},{"type":"Feature","id":"way/1127232643","geometry":{"type":"Polygon","coordinates":[[[8.207491,53.151873],[8.207523,53.151879],[8.207481,53.151964],[8.207451,53.151958],[8.207491,53.151873]]]},"properties":{"id":"way/1127232643","kind":"street","name":null,"parking":"street_side","capacity":2,"fee":"no","feeConditional":null,"maxstay":null,"maxstayConditional":null,"access":"yes","operator":null,"openingHours":null,"residents":null,"disc":null,"charge":null,"tags":{"access":"yes","amenity":"parking","capacity":"2","fee":"no","parking":"street_side","surface":"asphalt"}}},{"type":"Feature","id":"way/1127232644","geometry":{"type":"Polygon","coordinates":[[[8.207211,53.152462],[8.207243,53.152467],[8.207364,53.152212],[8.207333,53.152206],[8.207211,53.152462]]]},"properties":{"id":"way/1127232644","kind":"street","name":null,"parking":"street_side","capacity":null,"fee":"no","feeConditional":null,"maxstay":null,"maxstayConditional":null,"access":"yes","operator":null,"openingHours":null,"residents":null,"disc":null,"charge":null,"tags":{"access":"yes","amenity":"parking","fee":"no","parking":"street_side","surface":"asphalt"}}},{"type":"Feature","id":"way/1127232645","geometry":{"type":"Polygon","coordinates":[[[8.20713,53.15263],[8.20716,53.152636],[8.207224,53.152506],[8.207193,53.152501],[8.20713,53.15263]]]},"properties":{"id":"way/1127232645","kind":"street","name":null,"parking":"street_side","capacity":null,"fee":"no","feeConditional":null,"maxstay":null,"maxstayConditional":null,"access":"yes","operator":null,"openingHours":null,"residents":null,"disc":null,"charge":null,"tags":{"access":"yes","amenity":"parking","fee":"no","parking":"street_side","surface":"asphalt"}}},{"type":"Feature","id":"way/1127232654","geometry":{"type":"Polygon","coordinates":[[[8.209947,53.15019],[8.209963,53.150171],[8.210217,53.150247],[8.210203,53.150264],[8.209947,53.15019]]]},"properties":{"id":"way/1127232654","kind":"street","name":null,"parking":"street_side","capacity":null,"fee":"no","feeConditional":null,"maxstay":null,"maxstayConditional":null,"access":"yes","operator":null,"openingHours":null,"residents":null,"disc":null,"charge":null,"tags":{"access":"yes","amenity":"parking","fee":"no","parking":"street_side","surface":"asphalt"}}},{"type":"Feature","id":"way/1127232655","geometry":{"type":"Polygon","coordinates":[[[8.209869,53.150167],[8.209881,53.15015],[8.209397,53.150006],[8.209383,53.150023],[8.209869,53.150167]]]},"properties":{"id":"way/1127232655","kind":"street","name":null,"parking":"street_side","capacity":null,"fee":"no","feeConditional":null,"maxstay":null,"maxstayConditional":null,"access":"yes","operator":null,"openingHours":null,"residents":null,"disc":null,"charge":null,"tags":{"access":"yes","amenity":"parking","fee":"no","parking":"street_side","surface":"asphalt"}}},{"type":"Feature","id":"way/1127232656","geometry":{"type":"Polygon","coordinates":[[[8.208838,53.149825],[8.208852,53.149809],[8.20865,53.149748],[8.208636,53.149764],[8.208838,53.149825]]]},"properties":{"id":"way/1127232656","kind":"street","name":null,"parking":"street_side","capacity":null,"fee":"no","feeConditional":null,"maxstay":null,"maxstayConditional":null,"access":"yes","operator":null,"openingHours":null,"residents":null,"disc":null,"charge":null,"tags":{"access":"yes","amenity":"parking","fee":"no","parking":"street_side","surface":"asphalt"}}},{"type":"Feature","id":"way/1127232657","geometry":{"type":"Polygon","coordinates":[[[8.209217,53.149975],[8.209231,53.149958],[8.20931,53.149981],[8.209296,53.149998],[8.209217,53.149975]]]},"properties":{"id":"way/1127232657","kind":"street","name":null,"parking":"street_side","capacity":null,"fee":"no","feeConditional":null,"maxstay":null,"maxstayConditional":null,"access":"yes","operator":null,"openingHours":null,"residents":null,"disc":null,"charge":null,"tags":{"access":"yes","amenity":"parking","fee":"no","parking":"street_side","surface":"asphalt"}}},{"type":"Feature","id":"way/1127232658","geometry":{"type":"Polygon","coordinates":[[[8.20793,53.152689],[8.207907,53.152677],[8.207944,53.152652],[8.208058,53.152588],[8.208103,53.152567],[8.208121,53.152578],[8.208064,53.152606],[8.207968,53.152663],[8.20793,53.152689]]]},"properties":{"id":"way/1127232658","kind":"street","name":null,"parking":"street_side","capacity":null,"fee":null,"feeConditional":null,"maxstay":null,"maxstayConditional":null,"access":null,"operator":null,"openingHours":null,"residents":null,"disc":null,"charge":null,"tags":{"amenity":"parking","parking":"street_side"}}},{"type":"Feature","id":"way/1127232659","geometry":{"type":"Polygon","coordinates":[[[8.208378,53.152514],[8.208359,53.152498],[8.20852,53.152422],[8.208657,53.15236],[8.208675,53.152374],[8.208517,53.152446],[8.208378,53.152514]]]},"properties":{"id":"way/1127232659","kind":"street","name":null,"parking":"street_side","capacity":4,"fee":"no","feeConditional":null,"maxstay":null,"maxstayConditional":null,"access":"yes","operator":null,"openingHours":null,"residents":null,"disc":null,"charge":null,"tags":{"access":"yes","amenity":"parking","capacity":"4","fee":"no","parking":"street_side","surface":"asphalt"}}},{"type":"Feature","id":"way/1127232671","geometry":{"type":"Polygon","coordinates":[[[8.208241,53.151913],[8.208225,53.151868],[8.208375,53.151849],[8.208391,53.151894],[8.208241,53.151913]]]},"properties":{"id":"way/1127232671","kind":"street","name":null,"parking":"street_side","capacity":null,"fee":null,"feeConditional":null,"maxstay":null,"maxstayConditional":null,"access":null,"operator":null,"openingHours":null,"residents":null,"disc":null,"charge":null,"tags":{"amenity":"parking","parking":"street_side"}}},{"type":"Feature","id":"way/1127232673","geometry":{"type":"Polygon","coordinates":[[[8.208754,53.151958],[8.20882,53.15194],[8.208697,53.15178],[8.208631,53.151798],[8.208754,53.151958]]]},"properties":{"id":"way/1127232673","kind":"street","name":null,"parking":"street_side","capacity":null,"fee":null,"feeConditional":null,"maxstay":null,"maxstayConditional":null,"access":null,"operator":null,"openingHours":null,"residents":null,"disc":null,"charge":null,"tags":{"amenity":"parking","parking":"street_side"}}},{"type":"Feature","id":"way/1127232674","geometry":{"type":"Polygon","coordinates":[[[8.208465,53.151827],[8.208584,53.152011],[8.208652,53.151996],[8.208533,53.151811],[8.208465,53.151827]]]},"properties":{"id":"way/1127232674","kind":"street","name":null,"parking":"street_side","capacity":null,"fee":null,"feeConditional":null,"maxstay":null,"maxstayConditional":null,"access":null,"operator":null,"openingHours":null,"residents":null,"disc":null,"charge":null,"tags":{"amenity":"parking","parking":"street_side"}}},{"type":"Feature","id":"way/1128349853#right","geometry":{"type":"LineString","coordinates":[[8.210434,53.150298],[8.210398,53.150298],[8.210364,53.150303],[8.210335,53.150317],[8.210324,53.150327]]},"properties":{"id":"way/1128349853#right","kind":"street","name":"Kurze Straße","parking":"street_side","side":"right","orientation":"parallel","fee":"no","feeConditional":null,"maxstay":null,"maxstayConditional":null,"restrictionConditional":null,"access":null,"residents":null,"disc":null,"capacity":null,"operator":null,"openingHours":null,"charge":null,"tags":{"highway":"residential","name":"Kurze Straße","parking:right":"half_on_kerb","parking:right:fee":"no","parking:right:orientation":"parallel","surface":"asphalt"}}},{"type":"Feature","id":"way/1128349854#right","geometry":{"type":"LineString","coordinates":[[8.209759,53.151029],[8.209749,53.15104],[8.209713,53.15108]]},"properties":{"id":"way/1128349854#right","kind":"street","name":"Kurze Straße","parking":"street_side","side":"right","orientation":"parallel","fee":"no","feeConditional":null,"maxstay":null,"maxstayConditional":null,"restrictionConditional":null,"access":null,"residents":null,"disc":null,"capacity":null,"operator":null,"openingHours":null,"charge":null,"tags":{"highway":"residential","name":"Kurze Straße","parking:right":"half_on_kerb","parking:right:fee":"no","parking:right:orientation":"parallel","surface":"asphalt"}}},{"type":"Feature","id":"way/1129830012","geometry":{"type":"Polygon","coordinates":[[[8.208895,53.148724],[8.208925,53.148728],[8.208963,53.148637],[8.208933,53.148632],[8.208895,53.148724]]]},"properties":{"id":"way/1129830012","kind":"street","name":null,"parking":"street_side","capacity":2,"fee":null,"feeConditional":null,"maxstay":null,"maxstayConditional":null,"access":null,"operator":null,"openingHours":null,"residents":null,"disc":null,"charge":null,"tags":{"amenity":"parking","capacity":"2","parking":"street_side"}}},{"type":"Feature","id":"way/1129830014","geometry":{"type":"Polygon","coordinates":[[[8.20909,53.148425],[8.209063,53.148421],[8.209099,53.148334],[8.209126,53.148338],[8.20909,53.148425]]]},"properties":{"id":"way/1129830014","kind":"street","name":null,"parking":"street_side","capacity":2,"fee":null,"feeConditional":null,"maxstay":null,"maxstayConditional":null,"access":null,"operator":null,"openingHours":null,"residents":null,"disc":null,"charge":null,"tags":{"amenity":"parking","capacity":"2","parking":"street_side"}}},{"type":"Feature","id":"way/1129830015","geometry":{"type":"Polygon","coordinates":[[[8.209146,53.148284],[8.20912,53.14828],[8.20916,53.148184],[8.209187,53.148188],[8.209146,53.148284]]]},"properties":{"id":"way/1129830015","kind":"street","name":null,"parking":"street_side","capacity":2,"fee":null,"feeConditional":null,"maxstay":null,"maxstayConditional":null,"access":null,"operator":null,"openingHours":null,"residents":null,"disc":null,"charge":null,"tags":{"amenity":"parking","capacity":"2","parking":"street_side"}}},{"type":"Feature","id":"way/1129830016","geometry":{"type":"Polygon","coordinates":[[[8.209354,53.147783],[8.209328,53.147779],[8.209361,53.147699],[8.209387,53.147703],[8.209354,53.147783]]]},"properties":{"id":"way/1129830016","kind":"street","name":null,"parking":"street_side","capacity":2,"fee":null,"feeConditional":null,"maxstay":null,"maxstayConditional":null,"access":null,"operator":null,"openingHours":null,"residents":null,"disc":null,"charge":null,"tags":{"amenity":"parking","capacity":"2","parking":"street_side"}}},{"type":"Feature","id":"way/1129830017","geometry":{"type":"Polygon","coordinates":[[[8.208861,53.14881],[8.20889,53.148814],[8.208908,53.148769],[8.208879,53.148765],[8.208861,53.14881]]]},"properties":{"id":"way/1129830017","kind":"street","name":null,"parking":"street_side","capacity":1,"fee":null,"feeConditional":null,"maxstay":null,"maxstayConditional":null,"access":null,"operator":null,"openingHours":null,"residents":null,"disc":null,"charge":null,"tags":{"amenity":"parking","capacity":"1","parking":"street_side"}}},{"type":"Feature","id":"way/1129830018","geometry":{"type":"Polygon","coordinates":[[[8.209416,53.147633],[8.209388,53.147629],[8.20945,53.147483],[8.209477,53.147488],[8.209416,53.147633]]]},"properties":{"id":"way/1129830018","kind":"street","name":null,"parking":"street_side","capacity":null,"fee":null,"feeConditional":null,"maxstay":null,"maxstayConditional":null,"access":null,"operator":null,"openingHours":null,"residents":null,"disc":null,"charge":null,"tags":{"amenity":"parking","parking":"street_side"}}},{"type":"Feature","id":"way/1129830019","geometry":{"type":"Polygon","coordinates":[[[8.209664,53.14704],[8.209635,53.147036],[8.209678,53.146931],[8.209707,53.146935],[8.209664,53.14704]]]},"properties":{"id":"way/1129830019","kind":"street","name":null,"parking":"street_side","capacity":3,"fee":null,"feeConditional":null,"maxstay":null,"maxstayConditional":null,"access":null,"operator":null,"openingHours":null,"residents":null,"disc":null,"charge":null,"tags":{"amenity":"parking","capacity":"3","parking":"street_side"}}},{"type":"Feature","id":"way/1129830020","geometry":{"type":"Polygon","coordinates":[[[8.209164,53.148072],[8.209193,53.148076],[8.209253,53.147932],[8.209224,53.147928],[8.209164,53.148072]]]},"properties":{"id":"way/1129830020","kind":"street","name":null,"parking":"street_side","capacity":3,"fee":null,"feeConditional":null,"maxstay":null,"maxstayConditional":null,"access":null,"operator":null,"openingHours":null,"residents":null,"disc":null,"charge":null,"tags":{"amenity":"parking","capacity":"3","parking":"street_side"}}},{"type":"Feature","id":"way/1129830021","geometry":{"type":"Polygon","coordinates":[[[8.208698,53.149344],[8.208669,53.14934],[8.20869,53.149293],[8.208719,53.149298],[8.208698,53.149344]]]},"properties":{"id":"way/1129830021","kind":"street","name":null,"parking":"street_side","capacity":null,"fee":null,"feeConditional":null,"maxstay":null,"maxstayConditional":null,"access":null,"operator":null,"openingHours":null,"residents":null,"disc":null,"charge":null,"tags":{"amenity":"parking","capacity:disabled":"1","parking":"street_side"}}},{"type":"Feature","id":"way/1129830022","geometry":{"type":"Polygon","coordinates":[[[8.208476,53.149668],[8.2085,53.149672],[8.208537,53.149586],[8.208513,53.149582],[8.208476,53.149668]]]},"properties":{"id":"way/1129830022","kind":"street","name":null,"parking":"street_side","capacity":2,"fee":null,"feeConditional":null,"maxstay":null,"maxstayConditional":null,"access":null,"operator":null,"openingHours":null,"residents":null,"disc":null,"charge":null,"tags":{"amenity":"parking","capacity":"2","parking":"street_side"}}},{"type":"Feature","id":"way/1129830023","geometry":{"type":"Polygon","coordinates":[[[8.208636,53.149481],[8.208607,53.149476],[8.208627,53.149433],[8.208656,53.149437],[8.208636,53.149481]]]},"properties":{"id":"way/1129830023","kind":"street","name":null,"parking":"street_side","capacity":1,"fee":null,"feeConditional":null,"maxstay":null,"maxstayConditional":null,"access":null,"operator":null,"openingHours":null,"residents":null,"disc":null,"charge":null,"tags":{"amenity":"parking","capacity":"1","parking":"street_side"}}},{"type":"Feature","id":"way/1129830024","geometry":{"type":"Polygon","coordinates":[[[8.208752,53.149225],[8.208722,53.14922],[8.208799,53.149051],[8.208829,53.149056],[8.208818,53.14908],[8.208752,53.149225]]]},"properties":{"id":"way/1129830024","kind":"street","name":null,"parking":"street_side","capacity":4,"fee":null,"feeConditional":null,"maxstay":null,"maxstayConditional":null,"access":null,"operator":null,"openingHours":null,"residents":null,"disc":null,"charge":null,"tags":{"amenity":"parking","capacity":"4","parking":"street_side"}}},{"type":"Feature","id":"way/1129830031","geometry":{"type":"Polygon","coordinates":[[[8.205585,53.148752],[8.205592,53.148744],[8.205604,53.148735],[8.205279,53.148712],[8.205296,53.148722],[8.205309,53.148735],[8.205585,53.148752]]]},"properties":{"id":"way/1129830031","kind":"street","name":null,"parking":"street_side","capacity":4,"fee":null,"feeConditional":null,"maxstay":null,"maxstayConditional":null,"access":null,"operator":null,"openingHours":null,"residents":null,"disc":null,"charge":null,"tags":{"amenity":"parking","capacity":"4","parking":"street_side"}}},{"type":"Feature","id":"way/1129830046","geometry":{"type":"Polygon","coordinates":[[[8.202111,53.149774],[8.202083,53.149768],[8.202199,53.149586],[8.202227,53.149592],[8.202111,53.149774]]]},"properties":{"id":"way/1129830046","kind":"street","name":null,"parking":"street_side","capacity":4,"fee":"no","feeConditional":null,"maxstay":null,"maxstayConditional":"2 hour @ (Mo-Sa 08:00-18:00)","access":null,"operator":null,"openingHours":null,"residents":null,"disc":null,"charge":null,"tags":{"amenity":"parking","capacity":"4","fee":"no","maxstay:conditional":"2 hour @ (Mo-Sa 08:00-18:00)","parking":"street_side"}}},{"type":"Feature","id":"way/1131036168","geometry":{"type":"Polygon","coordinates":[[[8.197169,53.151968],[8.197199,53.15188],[8.197271,53.151889],[8.197241,53.151976],[8.197169,53.151968]]]},"properties":{"id":"way/1131036168","kind":"street","name":null,"parking":"street_side","capacity":null,"fee":null,"feeConditional":null,"maxstay":null,"maxstayConditional":null,"access":null,"operator":null,"openingHours":null,"residents":null,"disc":null,"charge":null,"tags":{"amenity":"parking","parking":"street_side"}}},{"type":"Feature","id":"way/1131036172","geometry":{"type":"Polygon","coordinates":[[[8.196554,53.152246],[8.196827,53.152255],[8.196827,53.152213],[8.196863,53.152197],[8.196866,53.152108],[8.196747,53.152103],[8.196507,53.152095],[8.196506,53.152101],[8.196472,53.1521],[8.196469,53.152151],[8.196561,53.152156],[8.196555,53.152229],[8.196554,53.152246]]]},"properties":{"id":"way/1131036172","kind":"lot","name":null,"parking":"surface","capacity":null,"fee":null,"feeConditional":null,"maxstay":null,"maxstayConditional":null,"access":null,"operator":null,"openingHours":null,"residents":null,"disc":null,"charge":null,"tags":{"amenity":"parking"}}},{"type":"Feature","id":"way/1131036177","geometry":{"type":"Polygon","coordinates":[[[8.196661,53.15172],[8.196664,53.151676],[8.196577,53.151674],[8.196584,53.151563],[8.197036,53.151574],[8.197031,53.151655],[8.197026,53.151729],[8.196661,53.15172]]]},"properties":{"id":"way/1131036177","kind":"lot","name":null,"parking":"surface","capacity":null,"fee":null,"feeConditional":null,"maxstay":null,"maxstayConditional":null,"access":null,"operator":null,"openingHours":null,"residents":null,"disc":null,"charge":null,"tags":{"amenity":"parking"}}},{"type":"Feature","id":"way/1131036183","geometry":{"type":"Polygon","coordinates":[[[8.197128,53.151587],[8.197163,53.151586],[8.197153,53.151347],[8.197125,53.151359],[8.197128,53.151587]]]},"properties":{"id":"way/1131036183","kind":"street","name":null,"parking":"street_side","capacity":null,"fee":null,"feeConditional":null,"maxstay":null,"maxstayConditional":null,"access":null,"operator":null,"openingHours":null,"residents":null,"disc":null,"charge":null,"tags":{"amenity":"parking","parking":"street_side"}}},{"type":"Feature","id":"way/1131036184","geometry":{"type":"Polygon","coordinates":[[[8.197136,53.151676],[8.197166,53.151677],[8.19716,53.151752],[8.197143,53.151837],[8.197108,53.151835],[8.197118,53.151788],[8.197136,53.151676]]]},"properties":{"id":"way/1131036184","kind":"street","name":null,"parking":"street_side","capacity":null,"fee":null,"feeConditional":null,"maxstay":null,"maxstayConditional":null,"access":null,"operator":null,"openingHours":null,"residents":null,"disc":null,"charge":null,"tags":{"amenity":"parking","parking":"street_side"}}},{"type":"Feature","id":"way/1131036208","geometry":{"type":"Polygon","coordinates":[[[8.197026,53.151124],[8.196714,53.151123],[8.196714,53.151078],[8.196654,53.151078],[8.196654,53.151127],[8.196414,53.151126],[8.196414,53.151078],[8.196301,53.151078],[8.196302,53.151046],[8.196302,53.15098],[8.196413,53.15098],[8.196413,53.151021],[8.1965,53.151021],[8.1965,53.150981],[8.196775,53.150981],[8.196775,53.151025],[8.196869,53.151025],[8.19687,53.150984],[8.197027,53.150984],[8.197027,53.15105],[8.197026,53.151124]]]},"properties":{"id":"way/1131036208","kind":"lot","name":null,"parking":"surface","capacity":null,"fee":null,"feeConditional":null,"maxstay":null,"maxstayConditional":null,"access":null,"operator":null,"openingHours":null,"residents":null,"disc":null,"charge":null,"tags":{"amenity":"parking"}}},{"type":"Feature","id":"way/1131044963","geometry":{"type":"Polygon","coordinates":[[[8.197971,53.151263],[8.197786,53.151267],[8.197614,53.151269],[8.197595,53.151259],[8.197584,53.151256],[8.19758,53.15125],[8.197785,53.151248],[8.197986,53.151245],[8.197984,53.151249],[8.197971,53.151263]]]},"properties":{"id":"way/1131044963","kind":"street","name":null,"parking":"street_side","capacity":null,"fee":null,"feeConditional":null,"maxstay":null,"maxstayConditional":null,"access":null,"operator":null,"openingHours":null,"residents":null,"disc":null,"charge":null,"tags":{"amenity":"parking","parking":"street_side"}}},{"type":"Feature","id":"way/1131599647#right","geometry":{"type":"LineString","coordinates":[[8.218587,53.138047],[8.218595,53.138099],[8.218659,53.138475]]},"properties":{"id":"way/1131599647#right","kind":"street","name":"Huntestraße","parking":"street_side","side":"right","orientation":"parallel","fee":null,"feeConditional":null,"maxstay":null,"maxstayConditional":null,"restrictionConditional":null,"access":null,"residents":null,"disc":null,"capacity":null,"operator":null,"openingHours":null,"charge":null,"tags":{"highway":"tertiary","name":"Huntestraße","parking:condition:right":"ticket","parking:lane:right:parallel":"street_side","parking:right":"yes","parking:right:orientation":"parallel","surface":"asphalt"}}},{"type":"Feature","id":"way/1131829932","geometry":{"type":"Polygon","coordinates":[[[8.199968,53.153953],[8.199898,53.154204],[8.200153,53.15423],[8.200328,53.153607],[8.200202,53.153594],[8.200219,53.153536],[8.200517,53.152477],[8.200261,53.152453],[8.200188,53.152712],[8.200088,53.153064],[8.200067,53.153139],[8.199964,53.15351],[8.199947,53.153569],[8.199903,53.153726],[8.200029,53.153737],[8.199968,53.153953]]]},"properties":{"id":"way/1131829932","kind":"garage","name":null,"parking":"multi-storey","capacity":null,"fee":"no","feeConditional":null,"maxstay":null,"maxstayConditional":null,"access":"permit","operator":null,"openingHours":null,"residents":null,"disc":null,"charge":null,"tags":{"access":"permit","amenity":"parking","fee":"no","parking":"multi-storey"}}},{"type":"Feature","id":"way/1132178808","geometry":{"type":"Polygon","coordinates":[[[8.211947,53.146657],[8.211842,53.146426],[8.211831,53.146428],[8.21182,53.146429],[8.211815,53.14643],[8.211532,53.146472],[8.211529,53.146466],[8.211498,53.146471],[8.21142,53.146483],[8.211449,53.146554],[8.211521,53.146726],[8.211543,53.146723],[8.211947,53.146657]]]},"properties":{"id":"way/1132178808","kind":"lot","name":null,"parking":"surface","capacity":null,"fee":"yes","feeConditional":null,"maxstay":null,"maxstayConditional":null,"access":"yes","operator":null,"openingHours":null,"residents":null,"disc":null,"charge":null,"tags":{"access":"yes","amenity":"parking","fee":"yes","parking":"surface"}}},{"type":"Feature","id":"way/1132294515","geometry":{"type":"Polygon","coordinates":[[[8.204291,53.147556],[8.204172,53.147326],[8.204157,53.147327],[8.204143,53.147304],[8.203692,53.14738],[8.203661,53.14737],[8.203575,53.14734],[8.203528,53.147433],[8.203582,53.147454],[8.204291,53.147556]]]},"properties":{"id":"way/1132294515","kind":"lot","name":null,"parking":"surface","capacity":null,"fee":"no","feeConditional":null,"maxstay":null,"maxstayConditional":null,"access":"customers","operator":null,"openingHours":null,"residents":null,"disc":null,"charge":null,"tags":{"access":"customers","amenity":"parking","fee":"no","parking":"surface"}}},{"type":"Feature","id":"way/1132294517","geometry":{"type":"Polygon","coordinates":[[[8.204345,53.148115],[8.204414,53.148065],[8.204456,53.148001],[8.204491,53.147954],[8.204539,53.147873],[8.204689,53.147621],[8.204764,53.147635],[8.205235,53.147551],[8.205232,53.1476],[8.204754,53.147905],[8.204592,53.147905],[8.204568,53.147962],[8.204519,53.14804],[8.204467,53.148091],[8.204419,53.148133],[8.204296,53.148234],[8.204247,53.14827],[8.204269,53.148222],[8.204317,53.148154],[8.204345,53.148115]]]},"properties":{"id":"way/1132294517","kind":"lot","name":null,"parking":"surface","capacity":null,"fee":null,"feeConditional":null,"maxstay":null,"maxstayConditional":null,"access":null,"operator":null,"openingHours":null,"residents":null,"disc":null,"charge":null,"tags":{"amenity":"parking"}}},{"type":"Feature","id":"way/1132582055","geometry":{"type":"Polygon","coordinates":[[[8.196578,53.148769],[8.196579,53.148738],[8.196695,53.148735],[8.196705,53.148753],[8.196722,53.148767],[8.196717,53.148778],[8.196578,53.148769]]]},"properties":{"id":"way/1132582055","kind":"street","name":null,"parking":"street_side","capacity":1,"fee":null,"feeConditional":null,"maxstay":null,"maxstayConditional":null,"access":null,"operator":null,"openingHours":null,"residents":null,"disc":null,"charge":null,"tags":{"amenity":"parking","capacity":"1","parking":"street_side"}}},{"type":"Feature","id":"way/1132582066","geometry":{"type":"Polygon","coordinates":[[[8.200078,53.148398],[8.200067,53.148378],[8.200089,53.148377],[8.200239,53.148391],[8.200233,53.148411],[8.200078,53.148398]]]},"properties":{"id":"way/1132582066","kind":"street","name":null,"parking":"street_side","capacity":2,"fee":null,"feeConditional":null,"maxstay":null,"maxstayConditional":null,"access":null,"operator":null,"openingHours":null,"residents":null,"disc":null,"charge":null,"tags":{"amenity":"parking","capacity":"2","parking":"street_side"}}},{"type":"Feature","id":"way/1132582067","geometry":{"type":"Polygon","coordinates":[[[8.200273,53.148395],[8.200267,53.148415],[8.200446,53.14843],[8.20045,53.148411],[8.200273,53.148395]]]},"properties":{"id":"way/1132582067","kind":"street","name":null,"parking":"street_side","capacity":2,"fee":null,"feeConditional":null,"maxstay":null,"maxstayConditional":null,"access":null,"operator":null,"openingHours":null,"residents":null,"disc":null,"charge":null,"tags":{"amenity":"parking","capacity":"2","parking":"street_side"}}},{"type":"Feature","id":"way/1132582068","geometry":{"type":"Polygon","coordinates":[[[8.200478,53.148433],[8.200483,53.148414],[8.200545,53.148419],[8.200619,53.148427],[8.200673,53.148437],[8.20072,53.148452],[8.200776,53.148475],[8.20083,53.148511],[8.200863,53.148543],[8.20088,53.148574],[8.200889,53.148598],[8.200857,53.148601],[8.20085,53.148579],[8.200832,53.148549],[8.200803,53.148522],[8.200757,53.148491],[8.200705,53.148469],[8.200661,53.148455],[8.20061,53.148445],[8.200539,53.148438],[8.200478,53.148433]]]},"properties":{"id":"way/1132582068","kind":"street","name":null,"parking":"street_side","capacity":8,"fee":null,"feeConditional":null,"maxstay":null,"maxstayConditional":null,"access":null,"operator":null,"openingHours":null,"residents":null,"disc":null,"charge":null,"tags":{"amenity":"parking","capacity":"8","parking":"street_side"}}},{"type":"Feature","id":"way/1132582069","geometry":{"type":"Polygon","coordinates":[[[8.200859,53.148618],[8.200857,53.148637],[8.200847,53.148692],[8.200882,53.148695],[8.20089,53.148653],[8.200893,53.148615],[8.200859,53.148618]]]},"properties":{"id":"way/1132582069","kind":"street","name":null,"parking":"street_side","capacity":null,"fee":null,"feeConditional":null,"maxstay":null,"maxstayConditional":null,"access":null,"operator":null,"openingHours":null,"residents":null,"disc":null,"charge":null,"tags":{"amenity":"parking","capacity:disabled":"1","parking":"street_side"}}},{"type":"Feature","id":"way/1132582070","geometry":{"type":"Polygon","coordinates":[[[8.200955,53.148699],[8.200989,53.148703],[8.200998,53.148669],[8.200999,53.148635],[8.200994,53.148608],[8.20096,53.14861],[8.200965,53.148635],[8.200962,53.148669],[8.200955,53.148699]]]},"properties":{"id":"way/1132582070","kind":"street","name":null,"parking":"street_side","capacity":null,"fee":null,"feeConditional":null,"maxstay":null,"maxstayConditional":null,"access":null,"operator":null,"openingHours":null,"residents":null,"disc":null,"charge":null,"tags":{"amenity":"parking","capacity:disabled":"1","parking":"street_side"}}},{"type":"Feature","id":"way/1132582071","geometry":{"type":"Polygon","coordinates":[[[8.200842,53.148712],[8.200876,53.148715],[8.200859,53.148779],[8.200825,53.148776],[8.200842,53.148712]]]},"properties":{"id":"way/1132582071","kind":"street","name":null,"parking":"street_side","capacity":1,"fee":null,"feeConditional":null,"maxstay":null,"maxstayConditional":null,"access":null,"operator":null,"openingHours":null,"residents":null,"disc":null,"charge":null,"tags":{"amenity":"parking","capacity":"1","parking":"street_side"}}},{"type":"Feature","id":"way/1132582072","geometry":{"type":"Polygon","coordinates":[[[8.20082,53.148796],[8.200854,53.148799],[8.200836,53.148869],[8.200801,53.148866],[8.20082,53.148796]]]},"properties":{"id":"way/1132582072","kind":"street","name":null,"parking":"street_side","capacity":1,"fee":null,"feeConditional":null,"maxstay":null,"maxstayConditional":null,"access":null,"operator":null,"openingHours":null,"residents":null,"disc":null,"charge":null,"tags":{"amenity":"parking","capacity":"1","parking":"street_side"}}},{"type":"Feature","id":"way/1132582073","geometry":{"type":"Polygon","coordinates":[[[8.200796,53.148885],[8.200831,53.148888],[8.200812,53.148958],[8.200777,53.148955],[8.200796,53.148885]]]},"properties":{"id":"way/1132582073","kind":"street","name":null,"parking":"street_side","capacity":1,"fee":null,"feeConditional":null,"maxstay":null,"maxstayConditional":null,"access":null,"operator":null,"openingHours":null,"residents":null,"disc":null,"charge":null,"tags":{"amenity":"parking","capacity":"1","parking":"street_side"}}},{"type":"Feature","id":"way/1132582074","geometry":{"type":"Polygon","coordinates":[[[8.200772,53.148974],[8.200807,53.148977],[8.200788,53.149048],[8.200753,53.149045],[8.200772,53.148974]]]},"properties":{"id":"way/1132582074","kind":"street","name":null,"parking":"street_side","capacity":1,"fee":null,"feeConditional":null,"maxstay":null,"maxstayConditional":null,"access":null,"operator":null,"openingHours":null,"residents":null,"disc":null,"charge":null,"tags":{"amenity":"parking","capacity":"1","parking":"street_side"}}},{"type":"Feature","id":"way/1132582075","geometry":{"type":"Polygon","coordinates":[[[8.200725,53.149152],[8.20076,53.149155],[8.200741,53.149226],[8.200706,53.149223],[8.200725,53.149152]]]},"properties":{"id":"way/1132582075","kind":"street","name":null,"parking":"street_side","capacity":1,"fee":null,"feeConditional":null,"maxstay":null,"maxstayConditional":null,"access":null,"operator":null,"openingHours":null,"residents":null,"disc":null,"charge":null,"tags":{"amenity":"parking","capacity":"1","parking":"street_side"}}},{"type":"Feature","id":"way/1132582076","geometry":{"type":"Polygon","coordinates":[[[8.200701,53.149243],[8.200736,53.149246],[8.200717,53.149317],[8.200682,53.149314],[8.200701,53.149243]]]},"properties":{"id":"way/1132582076","kind":"street","name":null,"parking":"street_side","capacity":1,"fee":null,"feeConditional":null,"maxstay":null,"maxstayConditional":null,"access":null,"operator":null,"openingHours":null,"residents":null,"disc":null,"charge":null,"tags":{"amenity":"parking","capacity":"1","parking":"street_side"}}},{"type":"Feature","id":"way/1132582077","geometry":{"type":"Polygon","coordinates":[[[8.200677,53.149331],[8.200712,53.149335],[8.200693,53.149405],[8.200658,53.149402],[8.200677,53.149331]]]},"properties":{"id":"way/1132582077","kind":"street","name":null,"parking":"street_side","capacity":1,"fee":null,"feeConditional":null,"maxstay":null,"maxstayConditional":null,"access":null,"operator":null,"openingHours":null,"residents":null,"disc":null,"charge":null,"tags":{"amenity":"parking","capacity":"1","parking":"street_side"}}},{"type":"Feature","id":"way/1132582078","geometry":{"type":"Polygon","coordinates":[[[8.200654,53.149419],[8.200689,53.149422],[8.20067,53.149493],[8.200635,53.14949],[8.200654,53.149419]]]},"properties":{"id":"way/1132582078","kind":"street","name":null,"parking":"street_side","capacity":1,"fee":null,"feeConditional":null,"maxstay":null,"maxstayConditional":null,"access":null,"operator":null,"openingHours":null,"residents":null,"disc":null,"charge":null,"tags":{"amenity":"parking","capacity":"1","parking":"street_side"}}},{"type":"Feature","id":"way/1132582079","geometry":{"type":"Polygon","coordinates":[[[8.200761,53.149428],[8.200796,53.149431],[8.200777,53.149502],[8.200743,53.149499],[8.200761,53.149428]]]},"properties":{"id":"way/1132582079","kind":"street","name":null,"parking":"street_side","capacity":1,"fee":null,"feeConditional":null,"maxstay":null,"maxstayConditional":null,"access":null,"operator":null,"openingHours":null,"residents":null,"disc":null,"charge":null,"tags":{"amenity":"parking","capacity":"1","parking":"street_side"}}},{"type":"Feature","id":"way/1132582080","geometry":{"type":"Polygon","coordinates":[[[8.200784,53.14934],[8.200819,53.149343],[8.2008,53.149414],[8.200766,53.149411],[8.200784,53.14934]]]},"properties":{"id":"way/1132582080","kind":"street","name":null,"parking":"street_side","capacity":1,"fee":null,"feeConditional":null,"maxstay":null,"maxstayConditional":null,"access":null,"operator":null,"openingHours":null,"residents":null,"disc":null,"charge":null,"tags":{"amenity":"parking","capacity":"1","parking":"street_side"}}},{"type":"Feature","id":"way/1132582081","geometry":{"type":"Polygon","coordinates":[[[8.200808,53.149251],[8.200842,53.149254],[8.200824,53.149325],[8.200789,53.149322],[8.200808,53.149251]]]},"properties":{"id":"way/1132582081","kind":"street","name":null,"parking":"street_side","capacity":1,"fee":null,"feeConditional":null,"maxstay":null,"maxstayConditional":null,"access":null,"operator":null,"openingHours":null,"residents":null,"disc":null,"charge":null,"tags":{"amenity":"parking","capacity":"1","parking":"street_side"}}},{"type":"Feature","id":"way/1132582082","geometry":{"type":"Polygon","coordinates":[[[8.200831,53.149161],[8.200866,53.149165],[8.200847,53.149235],[8.200813,53.149232],[8.200831,53.149161]]]},"properties":{"id":"way/1132582082","kind":"street","name":null,"parking":"street_side","capacity":1,"fee":null,"feeConditional":null,"maxstay":null,"maxstayConditional":null,"access":null,"operator":null,"openingHours":null,"residents":null,"disc":null,"charge":null,"tags":{"amenity":"parking","capacity":"1","parking":"street_side"}}},{"type":"Feature","id":"way/1132582083","geometry":{"type":"Polygon","coordinates":[[[8.200879,53.148984],[8.200913,53.148987],[8.200894,53.149058],[8.20086,53.149055],[8.200879,53.148984]]]},"properties":{"id":"way/1132582083","kind":"street","name":null,"parking":"street_side","capacity":1,"fee":null,"feeConditional":null,"maxstay":null,"maxstayConditional":null,"access":null,"operator":null,"openingHours":null,"residents":null,"disc":null,"charge":null,"tags":{"amenity":"parking","capacity":"1","parking":"street_side"}}},{"type":"Feature","id":"way/1132582084","geometry":{"type":"Polygon","coordinates":[[[8.200903,53.148893],[8.200937,53.148896],[8.200918,53.148967],[8.200884,53.148964],[8.200903,53.148893]]]},"properties":{"id":"way/1132582084","kind":"street","name":null,"parking":"street_side","capacity":1,"fee":null,"feeConditional":null,"maxstay":null,"maxstayConditional":null,"access":null,"operator":null,"openingHours":null,"residents":null,"disc":null,"charge":null,"tags":{"amenity":"parking","capacity":"1","parking":"street_side"}}},{"type":"Feature","id":"way/1132582086","geometry":{"type":"Polygon","coordinates":[[[8.200949,53.148721],[8.200984,53.148724],[8.200965,53.148793],[8.200931,53.14879],[8.200949,53.148721]]]},"properties":{"id":"way/1132582086","kind":"street","name":null,"parking":"street_side","capacity":1,"fee":null,"feeConditional":null,"maxstay":null,"maxstayConditional":null,"access":null,"operator":null,"openingHours":null,"residents":null,"disc":null,"charge":null,"tags":{"amenity":"parking","capacity":"1","parking":"street_side"}}},{"type":"Feature","id":"way/1132582087","geometry":{"type":"Polygon","coordinates":[[[8.200287,53.148329],[8.200282,53.148348],[8.200457,53.148365],[8.200462,53.148346],[8.200287,53.148329]]]},"properties":{"id":"way/1132582087","kind":"street","name":null,"parking":"street_side","capacity":2,"fee":null,"feeConditional":null,"maxstay":null,"maxstayConditional":null,"access":null,"operator":null,"openingHours":null,"residents":null,"disc":null,"charge":null,"tags":{"amenity":"parking","capacity":"2","parking":"street_side"}}},{"type":"Feature","id":"way/1132582088","geometry":{"type":"Polygon","coordinates":[[[8.200082,53.148329],[8.200087,53.14831],[8.200248,53.148325],[8.200243,53.148345],[8.200082,53.148329]]]},"properties":{"id":"way/1132582088","kind":"street","name":null,"parking":"street_side","capacity":2,"fee":null,"feeConditional":null,"maxstay":null,"maxstayConditional":null,"access":null,"operator":null,"openingHours":null,"residents":null,"disc":null,"charge":null,"tags":{"amenity":"parking","capacity":"2","parking":"street_side"}}},{"type":"Feature","id":"way/1132582089","geometry":{"type":"Polygon","coordinates":[[[8.200721,53.148402],[8.200742,53.148385],[8.200682,53.14837],[8.200596,53.14836],[8.2005,53.14835],[8.200495,53.148369],[8.200591,53.14838],[8.200672,53.14839],[8.200721,53.148402]]]},"properties":{"id":"way/1132582089","kind":"street","name":null,"parking":"street_side","capacity":3,"fee":null,"feeConditional":null,"maxstay":null,"maxstayConditional":null,"access":null,"operator":null,"openingHours":null,"residents":null,"disc":null,"charge":null,"tags":{"amenity":"parking","capacity":"3","parking":"street_side"}}},{"type":"Feature","id":"way/1132990138","geometry":{"type":"Polygon","coordinates":[[[8.233675,53.149579],[8.233786,53.149328],[8.233865,53.149316],[8.233756,53.149565],[8.233675,53.149579]]]},"properties":{"id":"way/1132990138","kind":"street","name":null,"parking":"street_side","capacity":null,"fee":"no","feeConditional":null,"maxstay":null,"maxstayConditional":null,"access":"yes","operator":null,"openingHours":null,"residents":null,"disc":null,"charge":null,"tags":{"access":"yes","amenity":"parking","capacity:disabled":"10","fee":"no","parking":"street_side"}}},{"type":"Feature","id":"way/1133111314","geometry":{"type":"Polygon","coordinates":[[[8.205543,53.142194],[8.205539,53.142142],[8.205848,53.142134],[8.205852,53.142186],[8.205543,53.142194]]]},"properties":{"id":"way/1133111314","kind":"street","name":"Kreißsaal","parking":"street_side","capacity":null,"fee":"no","feeConditional":null,"maxstay":null,"maxstayConditional":null,"access":"customers","operator":null,"openingHours":null,"residents":null,"disc":null,"charge":null,"tags":{"access":"customers","amenity":"parking","fee":"no","name":"Kreißsaal","parking":"street_side","surface":"paving_stones"}}},{"type":"Feature","id":"way/1134173419","geometry":{"type":"Polygon","coordinates":[[[8.232026,53.140584],[8.232035,53.14054],[8.232334,53.140562],[8.232326,53.140605],[8.232026,53.140584]]]},"properties":{"id":"way/1134173419","kind":"street","name":null,"parking":"street_side","capacity":8,"fee":"no","feeConditional":null,"maxstay":null,"maxstayConditional":null,"access":"yes","operator":null,"openingHours":null,"residents":null,"disc":null,"charge":null,"tags":{"access":"yes","amenity":"parking","capacity":"8","fee":"no","parking":"street_side"}}},{"type":"Feature","id":"way/1134173420","geometry":{"type":"Polygon","coordinates":[[[8.231199,53.140523],[8.231208,53.14048],[8.231507,53.140502],[8.231498,53.140545],[8.231199,53.140523]]]},"properties":{"id":"way/1134173420","kind":"street","name":null,"parking":"street_side","capacity":8,"fee":"no","feeConditional":null,"maxstay":null,"maxstayConditional":null,"access":"yes","operator":null,"openingHours":null,"residents":null,"disc":null,"charge":null,"tags":{"access":"yes","amenity":"parking","capacity":"8","fee":"no","parking":"street_side"}}},{"type":"Feature","id":"way/1134349890#both","geometry":{"type":"LineString","coordinates":[[8.207442,53.147573],[8.207426,53.147555],[8.207408,53.147538],[8.207364,53.147502]]},"properties":{"id":"way/1134349890#both","kind":"street","name":"Hochhauser Straße","parking":"street_side","side":"both","orientation":"parallel","fee":null,"feeConditional":null,"maxstay":null,"maxstayConditional":null,"restrictionConditional":null,"access":null,"residents":null,"disc":null,"capacity":null,"operator":null,"openingHours":null,"charge":null,"tags":{"highway":"residential","name":"Hochhauser Straße","parking:both":"half_on_kerb","parking:both:orientation":"parallel","parking:condition:both":"free"}}},{"type":"Feature","id":"way/1134349891#both","geometry":{"type":"LineString","coordinates":[[8.207457,53.147599],[8.207451,53.147585],[8.207442,53.147573]]},"properties":{"id":"way/1134349891#both","kind":"street","name":"Hochhauser Straße","parking":"street_side","side":"both","orientation":"parallel","fee":null,"feeConditional":null,"maxstay":null,"maxstayConditional":null,"restrictionConditional":null,"access":null,"residents":null,"disc":null,"capacity":null,"operator":null,"openingHours":null,"charge":null,"tags":{"highway":"residential","name":"Hochhauser Straße","parking:both":"half_on_kerb","parking:both:orientation":"parallel","parking:condition:both":"free"}}},{"type":"Feature","id":"way/1134349911","geometry":{"type":"Polygon","coordinates":[[[8.20559,53.151092],[8.205617,53.151089],[8.205595,53.151023],[8.205575,53.150953],[8.205545,53.150956],[8.205567,53.151027],[8.20559,53.151092]]]},"properties":{"id":"way/1134349911","kind":"street","name":null,"parking":"street_side","capacity":3,"fee":null,"feeConditional":null,"maxstay":null,"maxstayConditional":null,"access":null,"operator":null,"openingHours":null,"residents":null,"disc":null,"charge":null,"tags":{"amenity":"parking","capacity":"3","parking":"street_side"}}},{"type":"Feature","id":"way/1134647965","geometry":{"type":"Polygon","coordinates":[[[8.20437,53.148615],[8.204345,53.148603],[8.20415,53.148592],[8.204149,53.148602],[8.20437,53.148615]]]},"properties":{"id":"way/1134647965","kind":"street","name":null,"parking":"street_side","capacity":null,"fee":null,"feeConditional":null,"maxstay":null,"maxstayConditional":null,"access":null,"operator":null,"openingHours":null,"residents":null,"disc":null,"charge":null,"tags":{"amenity":"parking","parking":"street_side"}}},{"type":"Feature","id":"way/1134647966","geometry":{"type":"Polygon","coordinates":[[[8.204045,53.148596],[8.204149,53.148602],[8.20415,53.148592],[8.204066,53.148587],[8.204045,53.148596]]]},"properties":{"id":"way/1134647966","kind":"street","name":null,"parking":"street_side","capacity":null,"fee":null,"feeConditional":null,"maxstay":null,"maxstayConditional":null,"access":null,"operator":null,"openingHours":null,"residents":null,"disc":null,"charge":null,"tags":{"amenity":"parking","capacity:disabled":"1","parking":"street_side"}}},{"type":"Feature","id":"way/1134647967","geometry":{"type":"Polygon","coordinates":[[[8.204579,53.148673],[8.204581,53.148657],[8.204731,53.148666],[8.204728,53.148682],[8.204579,53.148673]]]},"properties":{"id":"way/1134647967","kind":"street","name":null,"parking":"street_side","capacity":2,"fee":null,"feeConditional":null,"maxstay":null,"maxstayConditional":null,"access":null,"operator":null,"openingHours":null,"residents":null,"disc":null,"charge":null,"tags":{"amenity":"parking","capacity":"2","parking":"street_side","surface":"asphalt"}}},{"type":"Feature","id":"way/1134647968","geometry":{"type":"Polygon","coordinates":[[[8.204806,53.148686],[8.204808,53.148671],[8.204962,53.14868],[8.20496,53.148695],[8.204806,53.148686]]]},"properties":{"id":"way/1134647968","kind":"street","name":null,"parking":"street_side","capacity":2,"fee":null,"feeConditional":null,"maxstay":null,"maxstayConditional":null,"access":null,"operator":null,"openingHours":null,"residents":null,"disc":null,"charge":null,"tags":{"amenity":"parking","capacity":"2","parking":"street_side","surface":"asphalt"}}},{"type":"Feature","id":"way/1135225162","geometry":{"type":"Polygon","coordinates":[[[8.191316,53.135374],[8.191365,53.135365],[8.191421,53.135354],[8.191317,53.135101],[8.191248,53.135114],[8.191207,53.135124],[8.191316,53.135374]]]},"properties":{"id":"way/1135225162","kind":"lot","name":null,"parking":"surface","capacity":null,"fee":null,"feeConditional":null,"maxstay":null,"maxstayConditional":null,"access":null,"operator":null,"openingHours":null,"residents":null,"disc":null,"charge":null,"tags":{"amenity":"parking"}}},{"type":"Feature","id":"way/1139042980","geometry":{"type":"Polygon","coordinates":[[[8.242832,53.139247],[8.242754,53.139239],[8.242822,53.138986],[8.2429,53.138993],[8.242832,53.139247]]]},"properties":{"id":"way/1139042980","kind":"street","name":null,"parking":"street_side","capacity":null,"fee":null,"feeConditional":null,"maxstay":null,"maxstayConditional":null,"access":"customers","operator":null,"openingHours":null,"residents":null,"disc":null,"charge":null,"tags":{"access":"customers","amenity":"parking","parking":"street_side"}}},{"type":"Feature","id":"way/1141573146","geometry":{"type":"Polygon","coordinates":[[[8.227775,53.135027],[8.22799,53.134842],[8.22789,53.1348],[8.227784,53.134756],[8.227569,53.134941],[8.227733,53.13501],[8.227775,53.135027]]]},"properties":{"id":"way/1141573146","kind":"lot","name":null,"parking":"surface","capacity":null,"fee":"no","feeConditional":null,"maxstay":null,"maxstayConditional":null,"access":"yes","operator":null,"openingHours":null,"residents":null,"disc":null,"charge":null,"tags":{"access":"yes","amenity":"parking","fee":"no","parking":"surface"}}},{"type":"Feature","id":"way/1141573149","geometry":{"type":"Polygon","coordinates":[[[8.227595,53.135154],[8.227559,53.135188],[8.227667,53.135228],[8.227682,53.135214],[8.227703,53.135194],[8.227595,53.135154]]]},"properties":{"id":"way/1141573149","kind":"street","name":null,"parking":"street_side","capacity":3,"fee":null,"feeConditional":null,"maxstay":null,"maxstayConditional":null,"access":null,"operator":null,"openingHours":null,"residents":null,"disc":null,"charge":null,"tags":{"amenity":"parking","capacity":"3","parking":"street_side"}}},{"type":"Feature","id":"way/1141573150","geometry":{"type":"Polygon","coordinates":[[[8.22766,53.135094],[8.227598,53.13507],[8.227533,53.135129],[8.227595,53.135154],[8.22766,53.135094]]]},"properties":{"id":"way/1141573150","kind":"street","name":null,"parking":"street_side","capacity":3,"fee":null,"feeConditional":null,"maxstay":null,"maxstayConditional":null,"access":null,"operator":null,"openingHours":null,"residents":null,"disc":null,"charge":null,"tags":{"amenity":"parking","capacity":"3","parking":"street_side"}}},{"type":"Feature","id":"way/1141573153","geometry":{"type":"Polygon","coordinates":[[[8.227169,53.13595],[8.227209,53.135859],[8.227283,53.13587],[8.227243,53.135962],[8.227224,53.135959],[8.227209,53.135956],[8.227169,53.13595]]]},"properties":{"id":"way/1141573153","kind":"street","name":null,"parking":"street_side","capacity":4,"fee":null,"feeConditional":null,"maxstay":null,"maxstayConditional":null,"access":null,"operator":null,"openingHours":null,"residents":null,"disc":null,"charge":null,"tags":{"amenity":"parking","capacity":"4","parking":"street_side"}}},{"type":"Feature","id":"way/1148880649","geometry":{"type":"Polygon","coordinates":[[[8.200154,53.150095],[8.200044,53.150068],[8.200057,53.150041],[8.200046,53.149992],[8.19988,53.14995],[8.199969,53.149775],[8.200023,53.149666],[8.200057,53.149599],[8.200177,53.149622],[8.20022,53.14963],[8.200265,53.149638],[8.200383,53.14966],[8.200154,53.150095]]]},"properties":{"id":"way/1148880649","kind":"lot","name":null,"parking":"surface","capacity":null,"fee":null,"feeConditional":null,"maxstay":null,"maxstayConditional":null,"access":null,"operator":null,"openingHours":null,"residents":null,"disc":null,"charge":null,"tags":{"amenity":"parking","parking":"surface"}}},{"type":"Feature","id":"way/1148880653","geometry":{"type":"Polygon","coordinates":[[[8.199003,53.15016],[8.199031,53.150167],[8.199108,53.150043],[8.199225,53.149841],[8.199284,53.149724],[8.199349,53.149595],[8.199321,53.149592],[8.199256,53.14972],[8.199196,53.149836],[8.19908,53.150036],[8.199003,53.15016]]]},"properties":{"id":"way/1148880653","kind":"street","name":null,"parking":"lane","capacity":null,"fee":null,"feeConditional":null,"maxstay":null,"maxstayConditional":null,"access":null,"operator":null,"openingHours":null,"residents":null,"disc":null,"charge":null,"tags":{"amenity":"parking","parking":"lane"}}},{"type":"Feature","id":"way/1150127902","geometry":{"type":"Polygon","coordinates":[[[8.208797,53.143177],[8.208807,53.143123],[8.208591,53.142869],[8.208541,53.142885],[8.208797,53.143177]]]},"properties":{"id":"way/1150127902","kind":"street","name":null,"parking":"lane","capacity":null,"fee":null,"feeConditional":null,"maxstay":null,"maxstayConditional":null,"access":null,"operator":null,"openingHours":null,"residents":null,"disc":null,"charge":null,"tags":{"amenity":"parking","parking":"lane"}}},{"type":"Feature","id":"way/1150127903","geometry":{"type":"Polygon","coordinates":[[[8.208537,53.142806],[8.208483,53.142823],[8.20794,53.142189],[8.207992,53.142174],[8.208003,53.142185],[8.208144,53.142348],[8.20816,53.142367],[8.20821,53.142426],[8.208216,53.142433],[8.208285,53.142512],[8.208298,53.142528],[8.208361,53.142601],[8.208368,53.142609],[8.208431,53.142683],[8.208443,53.142698],[8.208537,53.142806]]]},"properties":{"id":"way/1150127903","kind":"street","name":null,"parking":"lane","capacity":null,"fee":null,"feeConditional":null,"maxstay":null,"maxstayConditional":null,"access":null,"operator":null,"openingHours":null,"residents":null,"disc":null,"charge":null,"tags":{"amenity":"parking","parking":"lane"}}},{"type":"Feature","id":"way/1150975592","geometry":{"type":"Polygon","coordinates":[[[8.198812,53.14887],[8.198808,53.148871],[8.198804,53.148887],[8.198799,53.148888],[8.198336,53.148845],[8.198331,53.148841],[8.198334,53.148828],[8.19833,53.148824],[8.198812,53.14887]]]},"properties":{"id":"way/1150975592","kind":"street","name":null,"parking":"lane","capacity":5,"fee":null,"feeConditional":null,"maxstay":null,"maxstayConditional":null,"access":null,"operator":null,"openingHours":null,"residents":null,"disc":null,"charge":null,"tags":{"amenity":"parking","capacity":"5","parking":"lane"}}},{"type":"Feature","id":"way/1151011820","geometry":{"type":"Polygon","coordinates":[[[8.201132,53.148952],[8.201142,53.148913],[8.200973,53.148897],[8.200963,53.148936],[8.201132,53.148952]]]},"properties":{"id":"way/1151011820","kind":"lot","name":null,"parking":"surface","capacity":null,"fee":null,"feeConditional":null,"maxstay":null,"maxstayConditional":null,"access":null,"operator":null,"openingHours":null,"residents":null,"disc":null,"charge":null,"tags":{"amenity":"parking"}}},{"type":"Feature","id":"way/1151011821","geometry":{"type":"Polygon","coordinates":[[[8.201533,53.14899],[8.201543,53.148951],[8.201166,53.148915],[8.201156,53.148954],[8.201533,53.14899]]]},"properties":{"id":"way/1151011821","kind":"lot","name":null,"parking":"surface","capacity":null,"fee":null,"feeConditional":null,"maxstay":null,"maxstayConditional":null,"access":null,"operator":null,"openingHours":null,"residents":null,"disc":null,"charge":null,"tags":{"amenity":"parking"}}},{"type":"Feature","id":"way/1151011823","geometry":{"type":"Polygon","coordinates":[[[8.201158,53.148859],[8.201168,53.14882],[8.200999,53.148803],[8.200989,53.148842],[8.201158,53.148859]]]},"properties":{"id":"way/1151011823","kind":"lot","name":null,"parking":"surface","capacity":null,"fee":null,"feeConditional":null,"maxstay":null,"maxstayConditional":null,"access":null,"operator":null,"openingHours":null,"residents":null,"disc":null,"charge":null,"tags":{"amenity":"parking"}}},{"type":"Feature","id":"way/1151011824","geometry":{"type":"Polygon","coordinates":[[[8.201559,53.148897],[8.20157,53.148858],[8.201193,53.148822],[8.201182,53.148861],[8.201559,53.148897]]]},"properties":{"id":"way/1151011824","kind":"lot","name":null,"parking":"surface","capacity":null,"fee":null,"feeConditional":null,"maxstay":null,"maxstayConditional":null,"access":null,"operator":null,"openingHours":null,"residents":null,"disc":null,"charge":null,"tags":{"amenity":"parking"}}},{"type":"Feature","id":"way/1152442726","geometry":{"type":"Polygon","coordinates":[[[8.203871,53.152097],[8.204095,53.152152],[8.204109,53.152132],[8.203885,53.152077],[8.203871,53.152097]]]},"properties":{"id":"way/1152442726","kind":"street","name":null,"parking":"street_side","capacity":null,"fee":null,"feeConditional":null,"maxstay":null,"maxstayConditional":null,"access":null,"operator":null,"openingHours":null,"residents":null,"disc":null,"charge":null,"tags":{"amenity":"parking","parking":"street_side","surface":"paving_stones"}}},{"type":"Feature","id":"way/1152542351","geometry":{"type":"Polygon","coordinates":[[[8.222449,53.145191],[8.222451,53.145189],[8.222449,53.145187],[8.222398,53.145172],[8.222413,53.145155],[8.222417,53.145152],[8.222668,53.145112],[8.222676,53.145112],[8.22275,53.145137],[8.22276,53.145137],[8.222754,53.14514],[8.222746,53.145143],[8.222449,53.145191]]]},"properties":{"id":"way/1152542351","kind":"street","name":null,"parking":"street_side","capacity":null,"fee":null,"feeConditional":null,"maxstay":null,"maxstayConditional":null,"access":null,"operator":null,"openingHours":null,"residents":null,"disc":null,"charge":null,"tags":{"amenity":"parking","parking":"street_side"}}},{"type":"Feature","id":"way/1152542352","geometry":{"type":"Polygon","coordinates":[[[8.222708,53.145043],[8.222703,53.145045],[8.2227,53.145048],[8.222667,53.145095],[8.222662,53.145098],[8.222411,53.145139],[8.22238,53.145132],[8.222371,53.145147],[8.222334,53.14514],[8.222354,53.145104],[8.222352,53.145101],[8.222346,53.1451],[8.222708,53.145043]]]},"properties":{"id":"way/1152542352","kind":"street","name":null,"parking":"street_side","capacity":null,"fee":null,"feeConditional":null,"maxstay":null,"maxstayConditional":null,"access":null,"operator":null,"openingHours":null,"residents":null,"disc":null,"charge":null,"tags":{"amenity":"parking","parking":"street_side"}}},{"type":"Feature","id":"way/1152542360","geometry":{"type":"Polygon","coordinates":[[[8.222285,53.144986],[8.222295,53.144987],[8.222359,53.145014],[8.222365,53.145015],[8.222616,53.144975],[8.22262,53.144973],[8.222618,53.144966],[8.222621,53.144963],[8.222646,53.144958],[8.222653,53.144959],[8.222667,53.144963],[8.222692,53.144942],[8.222659,53.144927],[8.222658,53.144923],[8.222662,53.144921],[8.222651,53.144921],[8.222314,53.144973],[8.222297,53.144979],[8.222285,53.144986]]]},"properties":{"id":"way/1152542360","kind":"street","name":null,"parking":"street_side","capacity":6,"fee":null,"feeConditional":null,"maxstay":null,"maxstayConditional":null,"access":null,"operator":null,"openingHours":null,"residents":null,"disc":null,"charge":null,"tags":{"amenity":"parking","capacity":"6","capacity:disabled":"2","parking":"street_side"}}},{"type":"Feature","id":"way/1152542362","geometry":{"type":"Polygon","coordinates":[[[8.222701,53.145019],[8.222695,53.145019],[8.22269,53.145017],[8.222629,53.144989],[8.222622,53.144988],[8.222371,53.145028],[8.222349,53.145043],[8.222322,53.14503],[8.222297,53.145047],[8.222343,53.145072],[8.222344,53.145075],[8.22234,53.145078],[8.222701,53.145019]]]},"properties":{"id":"way/1152542362","kind":"street","name":null,"parking":"street_side","capacity":null,"fee":null,"feeConditional":null,"maxstay":null,"maxstayConditional":null,"access":null,"operator":null,"openingHours":null,"residents":null,"disc":null,"charge":null,"tags":{"amenity":"parking","parking":"street_side"}}},{"type":"Feature","id":"way/1152542364","geometry":{"type":"Polygon","coordinates":[[[8.222183,53.145016],[8.222128,53.144996],[8.222127,53.145014],[8.22213,53.145031],[8.222235,53.145281],[8.222305,53.145307],[8.222183,53.145016]]]},"properties":{"id":"way/1152542364","kind":"street","name":null,"parking":"street_side","capacity":9,"fee":null,"feeConditional":null,"maxstay":null,"maxstayConditional":null,"access":null,"operator":null,"openingHours":null,"residents":null,"disc":null,"charge":null,"tags":{"amenity":"parking","capacity":"9","parking":"street_side"}}},{"type":"Feature","id":"way/1152542365","geometry":{"type":"Polygon","coordinates":[[[8.222869,53.144973],[8.222838,53.144978],[8.222886,53.145098],[8.222882,53.145118],[8.222873,53.145134],[8.222857,53.145149],[8.222833,53.145163],[8.222812,53.145173],[8.222794,53.145179],[8.22282,53.145175],[8.222846,53.14517],[8.222872,53.145158],[8.222891,53.145144],[8.222911,53.145121],[8.222919,53.145096],[8.222869,53.144973]]]},"properties":{"id":"way/1152542365","kind":"street","name":null,"parking":"street_side","capacity":null,"fee":null,"feeConditional":null,"maxstay":null,"maxstayConditional":null,"access":null,"operator":null,"openingHours":null,"residents":null,"disc":null,"charge":null,"tags":{"amenity":"parking","parking":"street_side"}}},{"type":"Feature","id":"way/1153078901","geometry":{"type":"Polygon","coordinates":[[[8.219128,53.14001],[8.219124,53.140054],[8.219457,53.140172],[8.219463,53.140127],[8.219128,53.14001]]]},"properties":{"id":"way/1153078901","kind":"street","name":null,"parking":"street_side","capacity":null,"fee":null,"feeConditional":null,"maxstay":null,"maxstayConditional":null,"access":null,"operator":null,"openingHours":null,"residents":null,"disc":null,"charge":null,"tags":{"amenity":"parking","parking":"street_side"}}},{"type":"Feature","id":"way/1162861246#right","geometry":{"type":"LineString","coordinates":[[8.20707,53.13255],[8.208061,53.132713]]},"properties":{"id":"way/1162861246#right","kind":"street","name":"Am Schloßgarten","parking":"street_side","side":"right","orientation":"parallel","fee":"yes","feeConditional":null,"maxstay":null,"maxstayConditional":null,"restrictionConditional":null,"access":null,"residents":null,"disc":null,"capacity":null,"operator":null,"openingHours":null,"charge":null,"tags":{"highway":"residential","name":"Am Schloßgarten","parking:left":"no","parking:left:restriction":"no_stopping","parking:right":"street_side","parking:right:fee":"yes","parking:right:orientation":"parallel","surface":"asphalt"}}},{"type":"Feature","id":"way/1189962173#left","geometry":{"type":"LineString","coordinates":[[8.199949,53.131927],[8.200123,53.131359]]},"properties":{"id":"way/1189962173#left","kind":"street","name":"Hoyersgang","parking":"street_side","side":"left","orientation":"parallel","fee":null,"feeConditional":null,"maxstay":null,"maxstayConditional":null,"restrictionConditional":null,"access":null,"residents":null,"disc":null,"capacity":null,"operator":null,"openingHours":null,"charge":null,"tags":{"highway":"residential","name":"Hoyersgang","parking:left":"lane","parking:left:orientation":"parallel","surface":"paving_stones"}}},{"type":"Feature","id":"way/1229685017","geometry":{"type":"Polygon","coordinates":[[[8.220776,53.134317],[8.220961,53.134459],[8.220341,53.134701],[8.220021,53.134876],[8.219875,53.13477],[8.219969,53.134703],[8.220042,53.134626],[8.220152,53.134582],[8.22027,53.134539],[8.220776,53.134317]]]},"properties":{"id":"way/1229685017","kind":"street","name":null,"parking":"street_side","capacity":null,"fee":null,"feeConditional":null,"maxstay":null,"maxstayConditional":null,"access":"customers","operator":null,"openingHours":null,"residents":null,"disc":null,"charge":null,"tags":{"access":"customers","amenity":"parking","parking":"street_side","surface":"paving_stones"}}},{"type":"Feature","id":"way/1242011900","geometry":{"type":"Polygon","coordinates":[[[8.214164,53.130422],[8.214163,53.130362],[8.213925,53.130364],[8.213926,53.130424],[8.214164,53.130422]]]},"properties":{"id":"way/1242011900","kind":"street","name":null,"parking":"street_side","capacity":null,"fee":null,"feeConditional":null,"maxstay":null,"maxstayConditional":null,"access":null,"operator":null,"openingHours":null,"residents":null,"disc":null,"charge":null,"tags":{"amenity":"parking","park_ride":"no","parking":"street_side"}}},{"type":"Feature","id":"way/1286756887","geometry":{"type":"Polygon","coordinates":[[[8.217938,53.151141],[8.218561,53.151087],[8.218585,53.151183],[8.218053,53.15123],[8.218047,53.151207],[8.217956,53.151215],[8.217938,53.151141]]]},"properties":{"id":"way/1286756887","kind":"lot","name":null,"parking":"surface","capacity":null,"fee":null,"feeConditional":null,"maxstay":null,"maxstayConditional":null,"access":"customers","operator":null,"openingHours":null,"residents":null,"disc":null,"charge":null,"tags":{"access":"customers","amenity":"parking"}}},{"type":"Feature","id":"way/1302057024#both","geometry":{"type":"LineString","coordinates":[[8.222972,53.146659],[8.223229,53.146612],[8.223283,53.146603],[8.223504,53.146566],[8.223573,53.146542],[8.223641,53.146518]]},"properties":{"id":"way/1302057024#both","kind":"street","name":"Taastruper Straße","parking":"street_side","side":"both","orientation":"parallel","fee":null,"feeConditional":null,"maxstay":null,"maxstayConditional":null,"restrictionConditional":null,"access":null,"residents":null,"disc":null,"capacity":null,"operator":null,"openingHours":null,"charge":null,"tags":{"highway":"residential","name":"Taastruper Straße","parking:both":"on_kerb","parking:both:orientation":"parallel","surface":"asphalt"}}},{"type":"Feature","id":"way/1304724813","geometry":{"type":"Polygon","coordinates":[[[8.219867,53.128981],[8.220078,53.128974],[8.220036,53.128573],[8.219691,53.128413],[8.219659,53.128438],[8.219598,53.128486],[8.219762,53.128578],[8.219817,53.128542],[8.219891,53.12857],[8.219896,53.128593],[8.219772,53.1286],[8.219867,53.128981]]]},"properties":{"id":"way/1304724813","kind":"lot","name":null,"parking":"surface","capacity":null,"fee":"no","feeConditional":null,"maxstay":null,"maxstayConditional":null,"access":null,"operator":null,"openingHours":null,"residents":null,"disc":null,"charge":null,"tags":{"amenity":"parking","fee":"no","parking":"surface","surface":"paving_stones"}}},{"type":"Feature","id":"way/1318498062","geometry":{"type":"Polygon","coordinates":[[[8.202527,53.149067],[8.202564,53.149075],[8.202707,53.148857],[8.20267,53.148848],[8.202527,53.149067]]]},"properties":{"id":"way/1318498062","kind":"street","name":null,"parking":"street_side","capacity":4,"fee":"no","feeConditional":null,"maxstay":null,"maxstayConditional":"2 hour @ (Mo-Sa 08:00-18:00)","access":null,"operator":null,"openingHours":null,"residents":null,"disc":null,"charge":null,"tags":{"amenity":"parking","capacity":"4","fee":"no","maxstay:conditional":"2 hour @ (Mo-Sa 08:00-18:00)","parking":"street_side"}}},{"type":"Feature","id":"way/1320086737","geometry":{"type":"Polygon","coordinates":[[[8.208547,53.144751],[8.208466,53.144757],[8.208462,53.144735],[8.208474,53.144733],[8.208464,53.14469],[8.208538,53.144706],[8.208547,53.144751]]]},"properties":{"id":"way/1320086737","kind":"lot","name":null,"parking":"surface","capacity":2,"fee":null,"feeConditional":null,"maxstay":null,"maxstayConditional":null,"access":null,"operator":null,"openingHours":null,"residents":null,"disc":null,"charge":null,"tags":{"amenity":"parking","capacity":"2"}}},{"type":"Feature","id":"way/1320476515","geometry":{"type":"Polygon","coordinates":[[[8.21046,53.14573],[8.210482,53.145687],[8.210657,53.145632],[8.210625,53.145595],[8.210604,53.145602],[8.21055,53.145572],[8.210332,53.145643],[8.2104,53.145719],[8.21046,53.14573]]]},"properties":{"id":"way/1320476515","kind":"lot","name":null,"parking":"surface","capacity":null,"fee":"no","feeConditional":null,"maxstay":null,"maxstayConditional":null,"access":"customers","operator":"Sparda-Bank West eG","openingHours":null,"residents":null,"disc":null,"charge":null,"tags":{"access":"customers","amenity":"parking","fee":"no","operator":"Sparda-Bank West eG","parking":"surface"}}},{"type":"Feature","id":"way/1320476564","geometry":{"type":"Polygon","coordinates":[[[8.210145,53.144698],[8.210116,53.144707],[8.210046,53.144627],[8.210059,53.144632],[8.210091,53.144637],[8.210145,53.144698]]]},"properties":{"id":"way/1320476564","kind":"street","name":null,"parking":"street_side","capacity":null,"fee":null,"feeConditional":null,"maxstay":null,"maxstayConditional":null,"access":null,"operator":null,"openingHours":null,"residents":null,"disc":null,"charge":null,"tags":{"amenity":"parking","capacity:disabled":"2","parking":"street_side"}}},{"type":"Feature","id":"way/1320476565","geometry":{"type":"Polygon","coordinates":[[[8.210172,53.144729],[8.210143,53.144739],[8.210231,53.144841],[8.210261,53.144831],[8.210172,53.144729]]]},"properties":{"id":"way/1320476565","kind":"street","name":null,"parking":"street_side","capacity":null,"fee":null,"feeConditional":null,"maxstay":null,"maxstayConditional":null,"access":null,"operator":null,"openingHours":null,"residents":null,"disc":null,"charge":null,"tags":{"amenity":"parking","capacity:disabled":"2","parking":"street_side"}}},{"type":"Feature","id":"way/1320476566","geometry":{"type":"Polygon","coordinates":[[[8.210813,53.14551],[8.210812,53.145503],[8.21082,53.145474],[8.210745,53.14539],[8.210732,53.145377],[8.210622,53.145252],[8.2106,53.145229],[8.210517,53.145134],[8.210509,53.145125],[8.210502,53.145116],[8.210391,53.144986],[8.210379,53.144971],[8.210279,53.144852],[8.210247,53.144861],[8.210354,53.144986],[8.210483,53.145135],[8.210581,53.145249],[8.210813,53.14551]]]},"properties":{"id":"way/1320476566","kind":"street","name":null,"parking":"street_side","capacity":null,"fee":null,"feeConditional":null,"maxstay":null,"maxstayConditional":null,"access":null,"operator":null,"openingHours":null,"residents":null,"disc":null,"charge":null,"tags":{"amenity":"parking","parking":"street_side"}}},{"type":"Feature","id":"way/1320476586","geometry":{"type":"Polygon","coordinates":[[[8.209025,53.143587],[8.209018,53.143583],[8.208997,53.143575],[8.208989,53.143569],[8.208918,53.143489],[8.208915,53.143483],[8.208916,53.143469],[8.208916,53.143464],[8.209025,53.143587]]]},"properties":{"id":"way/1320476586","kind":"street","name":null,"parking":"street_side","capacity":2,"fee":null,"feeConditional":null,"maxstay":null,"maxstayConditional":null,"access":null,"operator":null,"openingHours":null,"residents":null,"disc":null,"charge":null,"tags":{"amenity":"parking","capacity":"2","parking":"street_side"}}},{"type":"Feature","id":"way/1320476588","geometry":{"type":"Polygon","coordinates":[[[8.209129,53.143742],[8.209151,53.143736],[8.2092,53.143794],[8.209194,53.143791],[8.209173,53.143789],[8.209166,53.143786],[8.209129,53.143742]]]},"properties":{"id":"way/1320476588","kind":"street","name":null,"parking":"street_side","capacity":1,"fee":null,"feeConditional":null,"maxstay":null,"maxstayConditional":null,"access":null,"operator":null,"openingHours":null,"residents":null,"disc":null,"charge":null,"tags":{"amenity":"parking","capacity":"1","parking":"street_side"}}},{"type":"Feature","id":"way/1320476589","geometry":{"type":"Polygon","coordinates":[[[8.209103,53.143709],[8.209125,53.143703],[8.209075,53.143644],[8.209075,53.143649],[8.209066,53.14366],[8.209066,53.143665],[8.209103,53.143709]]]},"properties":{"id":"way/1320476589","kind":"street","name":null,"parking":"street_side","capacity":1,"fee":null,"feeConditional":null,"maxstay":null,"maxstayConditional":null,"access":null,"operator":null,"openingHours":null,"residents":null,"disc":null,"charge":null,"tags":{"amenity":"parking","capacity":"1","parking":"street_side"}}},{"type":"Feature","id":"way/1321435209","geometry":{"type":"Polygon","coordinates":[[[8.195093,53.142306],[8.195225,53.14225],[8.195209,53.142236],[8.195077,53.142292],[8.195093,53.142306]]]},"properties":{"id":"way/1321435209","kind":"street","name":null,"parking":"street_side","capacity":2,"fee":"no","feeConditional":null,"maxstay":null,"maxstayConditional":null,"access":null,"operator":null,"openingHours":null,"residents":null,"disc":null,"charge":null,"tags":{"amenity":"parking","capacity":"2","fee":"no","parking":"street_side"}}},{"type":"Feature","id":"way/1321435210","geometry":{"type":"Polygon","coordinates":[[[8.195383,53.142184],[8.195367,53.142171],[8.195433,53.142143],[8.195449,53.142157],[8.195383,53.142184]]]},"properties":{"id":"way/1321435210","kind":"street","name":null,"parking":"street_side","capacity":1,"fee":"no","feeConditional":null,"maxstay":null,"maxstayConditional":null,"access":null,"operator":null,"openingHours":null,"residents":null,"disc":null,"charge":null,"tags":{"amenity":"parking","capacity":"1","fee":"no","parking":"street_side"}}},{"type":"Feature","id":"way/1321435211","geometry":{"type":"Polygon","coordinates":[[[8.195529,53.142126],[8.195513,53.142112],[8.19558,53.142086],[8.195596,53.1421],[8.195529,53.142126]]]},"properties":{"id":"way/1321435211","kind":"street","name":null,"parking":"street_side","capacity":1,"fee":"no","feeConditional":null,"maxstay":null,"maxstayConditional":null,"access":null,"operator":null,"openingHours":null,"residents":null,"disc":null,"charge":null,"tags":{"amenity":"parking","capacity":"1","fee":"no","parking":"street_side"}}},{"type":"Feature","id":"way/1321435212","geometry":{"type":"Polygon","coordinates":[[[8.195712,53.142038],[8.195725,53.142053],[8.195939,53.141983],[8.195926,53.141968],[8.195712,53.142038]]]},"properties":{"id":"way/1321435212","kind":"street","name":null,"parking":"street_side","capacity":3,"fee":"no","feeConditional":null,"maxstay":null,"maxstayConditional":null,"access":null,"operator":null,"openingHours":null,"residents":null,"disc":null,"charge":null,"tags":{"amenity":"parking","capacity":"3","fee":"no","parking":"street_side"}}},{"type":"Feature","id":"way/1321435213","geometry":{"type":"Polygon","coordinates":[[[8.196067,53.141928],[8.196181,53.141898],[8.196191,53.141912],[8.196077,53.141942],[8.196067,53.141928]]]},"properties":{"id":"way/1321435213","kind":"street","name":null,"parking":"street_side","capacity":2,"fee":"no","feeConditional":null,"maxstay":null,"maxstayConditional":null,"access":null,"operator":null,"openingHours":null,"residents":null,"disc":null,"charge":null,"tags":{"amenity":"parking","capacity":"2","fee":"no","parking":"street_side"}}},{"type":"Feature","id":"way/1321435214","geometry":{"type":"Polygon","coordinates":[[[8.196466,53.141828],[8.196476,53.141844],[8.196401,53.141861],[8.196391,53.141845],[8.196466,53.141828]]]},"properties":{"id":"way/1321435214","kind":"street","name":null,"parking":"street_side","capacity":1,"fee":"no","feeConditional":null,"maxstay":null,"maxstayConditional":null,"access":null,"operator":null,"openingHours":null,"residents":null,"disc":null,"charge":null,"tags":{"amenity":"parking","capacity":"1","fee":"no","parking":"street_side"}}},{"type":"Feature","id":"way/1321435215","geometry":{"type":"Polygon","coordinates":[[[8.196563,53.141808],[8.19668,53.141781],[8.196689,53.141795],[8.196572,53.141822],[8.196563,53.141808]]]},"properties":{"id":"way/1321435215","kind":"street","name":null,"parking":"street_side","capacity":2,"fee":"no","feeConditional":null,"maxstay":null,"maxstayConditional":null,"access":null,"operator":null,"openingHours":null,"residents":null,"disc":null,"charge":null,"tags":{"amenity":"parking","capacity":"2","fee":"no","parking":"street_side"}}},{"type":"Feature","id":"way/1321435216","geometry":{"type":"Polygon","coordinates":[[[8.196912,53.141749],[8.196795,53.141774],[8.196786,53.14176],[8.196904,53.141735],[8.196912,53.141749]]]},"properties":{"id":"way/1321435216","kind":"street","name":null,"parking":"street_side","capacity":2,"fee":"no","feeConditional":null,"maxstay":null,"maxstayConditional":null,"access":null,"operator":null,"openingHours":null,"residents":null,"disc":null,"charge":null,"tags":{"amenity":"parking","capacity":"2","fee":"no","parking":"street_side"}}},{"type":"Feature","id":"way/1321435217","geometry":{"type":"Polygon","coordinates":[[[8.197031,53.14171],[8.197153,53.141686],[8.197161,53.141702],[8.197039,53.141725],[8.197031,53.14171]]]},"properties":{"id":"way/1321435217","kind":"street","name":null,"parking":"street_side","capacity":2,"fee":"no","feeConditional":null,"maxstay":null,"maxstayConditional":null,"access":null,"operator":null,"openingHours":null,"residents":null,"disc":null,"charge":null,"tags":{"amenity":"parking","capacity":"2","fee":"no","parking":"street_side"}}},{"type":"Feature","id":"way/1321435218","geometry":{"type":"Polygon","coordinates":[[[8.197161,53.141702],[8.19744,53.141648],[8.197432,53.141632],[8.197153,53.141686],[8.197161,53.141702]]]},"properties":{"id":"way/1321435218","kind":"street","name":null,"parking":"street_side","capacity":3,"fee":"no","feeConditional":null,"maxstay":null,"maxstayConditional":"1 hours @ (Mo-Fr 7:00-19:00)","access":null,"operator":null,"openingHours":null,"residents":null,"disc":null,"charge":null,"tags":{"amenity":"parking","capacity":"3","fee":"no","maxstay:conditional":"1 hours @ (Mo-Fr 7:00-19:00)","parking":"street_side"}}},{"type":"Feature","id":"way/1321435238","geometry":{"type":"Polygon","coordinates":[[[8.197356,53.14119],[8.197309,53.141157],[8.197263,53.141127],[8.197354,53.141119],[8.197395,53.141151],[8.197434,53.141184],[8.197356,53.14119]]]},"properties":{"id":"way/1321435238","kind":"street","name":null,"parking":"street_side","capacity":2,"fee":"no","feeConditional":null,"maxstay":null,"maxstayConditional":null,"access":null,"operator":null,"openingHours":null,"residents":null,"disc":null,"charge":null,"tags":{"amenity":"parking","capacity":"2","capacity:disabled":"2","fee":"no","parking":"street_side"}}},{"type":"Feature","id":"way/1321479874","geometry":{"type":"Polygon","coordinates":[[[8.202899,53.14281],[8.202853,53.142511],[8.203502,53.142475],[8.203528,53.142648],[8.20354,53.14272],[8.203544,53.14275],[8.203547,53.142771],[8.203536,53.142775],[8.202899,53.14281]]]},"properties":{"id":"way/1321479874","kind":"garage","name":"Parkhaus August Carée","parking":"multi-storey","capacity":338,"fee":"yes","feeConditional":null,"maxstay":null,"maxstayConditional":null,"access":"yes","operator":null,"openingHours":"24/7","residents":null,"disc":null,"charge":null,"tags":{"access":"yes","amenity":"parking","capacity":"338","fee":"yes","name":"Parkhaus August Carée","opening_hours":"24/7","parking":"multi-storey","website":"https://augustcarree.de/parkhaus"}}},{"type":"Feature","id":"way/1323277472","geometry":{"type":"Polygon","coordinates":[[[8.220135,53.13368],[8.220132,53.133676],[8.220122,53.133652],[8.220118,53.133648],[8.219974,53.133577],[8.219967,53.133575],[8.219958,53.133575],[8.219926,53.133574],[8.219918,53.133572],[8.220135,53.13368]]]},"properties":{"id":"way/1323277472","kind":"street","name":null,"parking":"street_side","capacity":2,"fee":"no","feeConditional":null,"maxstay":null,"maxstayConditional":null,"access":"permit","operator":null,"openingHours":null,"residents":null,"disc":null,"charge":null,"tags":{"access":"permit","amenity":"parking","capacity":"2","fee":"no","parking":"street_side","surface":"paving_stones"}}},{"type":"Feature","id":"way/1324611740","geometry":{"type":"Polygon","coordinates":[[[8.190644,53.153115],[8.190624,53.153059],[8.191151,53.153007],[8.19136,53.153008],[8.191365,53.153062],[8.190644,53.153115]]]},"properties":{"id":"way/1324611740","kind":"lot","name":null,"parking":"surface","capacity":null,"fee":"no","feeConditional":null,"maxstay":null,"maxstayConditional":null,"access":"customers","operator":null,"openingHours":null,"residents":null,"disc":null,"charge":null,"tags":{"access":"customers","amenity":"parking","fee":"no","parking":"surface"}}},{"type":"Feature","id":"way/1336657023","geometry":{"type":"Polygon","coordinates":[[[8.234589,53.143905],[8.234589,53.143975],[8.234666,53.143975],[8.234666,53.143905],[8.234589,53.143905]]]},"properties":{"id":"way/1336657023","kind":"street","name":null,"parking":"street_side","capacity":3,"fee":null,"feeConditional":null,"maxstay":null,"maxstayConditional":null,"access":null,"operator":null,"openingHours":null,"residents":null,"disc":null,"charge":null,"tags":{"amenity":"parking","capacity":"3","parking":"street_side"}}},{"type":"Feature","id":"way/1360943983","geometry":{"type":"Polygon","coordinates":[[[8.214561,53.13324],[8.21464,53.133327],[8.214696,53.133307],[8.214682,53.133272],[8.214664,53.133255],[8.214614,53.133224],[8.214561,53.13324]]]},"properties":{"id":"way/1360943983","kind":"lot","name":null,"parking":"surface","capacity":null,"fee":null,"feeConditional":null,"maxstay":null,"maxstayConditional":null,"access":"yes","operator":null,"openingHours":null,"residents":null,"disc":null,"charge":null,"tags":{"access":"yes","amenity":"parking","surface":"asphalt"}}},{"type":"Feature","id":"way/1363823177","geometry":{"type":"Polygon","coordinates":[[[8.192815,53.150636],[8.192996,53.150548],[8.192654,53.150283],[8.192465,53.15037],[8.192815,53.150636]]]},"properties":{"id":"way/1363823177","kind":"lot","name":null,"parking":"surface","capacity":null,"fee":"no","feeConditional":null,"maxstay":null,"maxstayConditional":null,"access":"customers","operator":null,"openingHours":null,"residents":null,"disc":null,"charge":null,"tags":{"access":"customers","amenity":"parking","fee":"no","parking":"surface"}}},{"type":"Feature","id":"way/1365368615","geometry":{"type":"Polygon","coordinates":[[[8.193515,53.133773],[8.193514,53.133802],[8.193512,53.13383],[8.193686,53.133832],[8.194261,53.133841],[8.194304,53.133841],[8.194308,53.133666],[8.194298,53.133646],[8.193569,53.133634],[8.19357,53.133653],[8.193564,53.133675],[8.193555,53.133719],[8.193553,53.133773],[8.193515,53.133773]]]},"properties":{"id":"way/1365368615","kind":"lot","name":null,"parking":"surface","capacity":null,"fee":null,"feeConditional":null,"maxstay":null,"maxstayConditional":null,"access":"customers","operator":null,"openingHours":null,"residents":null,"disc":null,"charge":null,"tags":{"access":"customers","amenity":"parking","surface":"paving_stones"}}},{"type":"Feature","id":"way/1367183439","geometry":{"type":"Polygon","coordinates":[[[8.22116,53.137854],[8.221163,53.137898],[8.221046,53.137906],[8.221043,53.13786],[8.22116,53.137854]]]},"properties":{"id":"way/1367183439","kind":"lot","name":null,"parking":"surface","capacity":null,"fee":"no","feeConditional":null,"maxstay":null,"maxstayConditional":null,"access":"customers","operator":null,"openingHours":null,"residents":null,"disc":null,"charge":null,"tags":{"access":"customers","amenity":"parking","fee":"no","parking":"surface","surface":"paving_stones"}}},{"type":"Feature","id":"way/1373384657","geometry":{"type":"Polygon","coordinates":[[[8.19815,53.147698],[8.198397,53.147729],[8.198414,53.147684],[8.198165,53.147652],[8.19815,53.147698]]]},"properties":{"id":"way/1373384657","kind":"lot","name":null,"parking":"surface","capacity":null,"fee":null,"feeConditional":null,"maxstay":null,"maxstayConditional":null,"access":null,"operator":null,"openingHours":null,"residents":null,"disc":null,"charge":null,"tags":{"amenity":"parking"}}},{"type":"Feature","id":"way/1373755609","geometry":{"type":"Polygon","coordinates":[[[8.198496,53.147033],[8.198878,53.147076],[8.198853,53.147156],[8.198471,53.147113],[8.198496,53.147033]]]},"properties":{"id":"way/1373755609","kind":"lot","name":null,"parking":"surface","capacity":null,"fee":null,"feeConditional":null,"maxstay":null,"maxstayConditional":null,"access":null,"operator":null,"openingHours":null,"residents":null,"disc":null,"charge":null,"tags":{"amenity":"parking"}}},{"type":"Feature","id":"way/1374252822","geometry":{"type":"Polygon","coordinates":[[[8.219262,53.139716],[8.219257,53.139672],[8.219647,53.139657],[8.219652,53.1397],[8.219262,53.139716]]]},"properties":{"id":"way/1374252822","kind":"lot","name":null,"parking":"surface","capacity":null,"fee":null,"feeConditional":null,"maxstay":null,"maxstayConditional":null,"access":null,"operator":null,"openingHours":null,"residents":null,"disc":null,"charge":null,"tags":{"amenity":"parking","parking":"surface"}}},{"type":"Feature","id":"way/1374252823","geometry":{"type":"Polygon","coordinates":[[[8.219265,53.139772],[8.219271,53.139818],[8.219689,53.1398],[8.219684,53.139754],[8.219265,53.139772]]]},"properties":{"id":"way/1374252823","kind":"lot","name":null,"parking":"surface","capacity":null,"fee":null,"feeConditional":null,"maxstay":null,"maxstayConditional":null,"access":null,"operator":null,"openingHours":null,"residents":null,"disc":null,"charge":null,"tags":{"amenity":"parking","parking":"surface"}}},{"type":"Feature","id":"way/1375169096","geometry":{"type":"Polygon","coordinates":[[[8.204155,53.141171],[8.203918,53.141185],[8.203926,53.141231],[8.204162,53.141217],[8.204155,53.141171]]]},"properties":{"id":"way/1375169096","kind":"lot","name":null,"parking":"layby","capacity":null,"fee":"yes","feeConditional":null,"maxstay":null,"maxstayConditional":null,"access":null,"operator":null,"openingHours":null,"residents":null,"disc":null,"charge":null,"tags":{"amenity":"parking","fee":"yes","parking":"layby","surface":"paving_stones"}}},{"type":"Feature","id":"way/1375323287","geometry":{"type":"Polygon","coordinates":[[[8.204268,53.14112],[8.204325,53.141148],[8.20442,53.141098],[8.204492,53.141125],[8.204452,53.140874],[8.204402,53.140849],[8.204317,53.140864],[8.204198,53.14095],[8.204233,53.141145],[8.204268,53.14112]]]},"properties":{"id":"way/1375323287","kind":"lot","name":null,"parking":"surface","capacity":null,"fee":"yes","feeConditional":null,"maxstay":null,"maxstayConditional":null,"access":null,"operator":null,"openingHours":null,"residents":null,"disc":null,"charge":null,"tags":{"amenity":"parking","fee":"yes","parking":"surface","surface":"paving_stones"}}},{"type":"Feature","id":"way/1375323293","geometry":{"type":"Polygon","coordinates":[[[8.204307,53.140755],[8.204267,53.140528],[8.204192,53.140532],[8.204232,53.140759],[8.204307,53.140755]]]},"properties":{"id":"way/1375323293","kind":"street","name":null,"parking":"street_side","capacity":null,"fee":null,"feeConditional":null,"maxstay":null,"maxstayConditional":null,"access":null,"operator":null,"openingHours":null,"residents":null,"disc":null,"charge":null,"tags":{"amenity":"parking","parking":"street_side"}}},{"type":"Feature","id":"way/1395841761#both","geometry":{"type":"LineString","coordinates":[[8.203761,53.146554],[8.203714,53.146548],[8.203687,53.146545],[8.203656,53.146542],[8.203285,53.146558],[8.202923,53.146578],[8.202031,53.146617],[8.201924,53.146623]]},"properties":{"id":"way/1395841761#both","kind":"street","name":"Margaretenstraße","parking":"street_side","side":"both","orientation":"parallel","fee":null,"feeConditional":null,"maxstay":null,"maxstayConditional":null,"restrictionConditional":null,"access":null,"residents":null,"disc":null,"capacity":null,"operator":null,"openingHours":null,"charge":null,"tags":{"highway":"residential","name":"Margaretenstraße","parking:both":"half_on_kerb","parking:both:orientation":"parallel","surface":"unhewn_cobblestone"}}},{"type":"Feature","id":"way/1395841762#both","geometry":{"type":"LineString","coordinates":[[8.201924,53.146623],[8.201935,53.146686],[8.202019,53.14742]]},"properties":{"id":"way/1395841762#both","kind":"street","name":"Adlerstraße","parking":"street_side","side":"both","orientation":"parallel","fee":"no","feeConditional":null,"maxstay":null,"maxstayConditional":null,"restrictionConditional":null,"access":null,"residents":null,"disc":null,"capacity":null,"operator":null,"openingHours":null,"charge":null,"tags":{"highway":"residential","name":"Adlerstraße","parking:both":"half_on_kerb","parking:both:fee":"no","parking:both:orientation":"parallel","surface":"unhewn_cobblestone"}}},{"type":"Feature","id":"way/1395841764#both","geometry":{"type":"LineString","coordinates":[[8.201831,53.145857],[8.201848,53.146037],[8.201911,53.146552],[8.201924,53.146623]]},"properties":{"id":"way/1395841764#both","kind":"street","name":"Adlerstraße","parking":"street_side","side":"both","orientation":"parallel","fee":"no","feeConditional":null,"maxstay":null,"maxstayConditional":null,"restrictionConditional":null,"access":null,"residents":null,"disc":null,"capacity":null,"operator":null,"openingHours":null,"charge":null,"tags":{"highway":"residential","name":"Adlerstraße","parking:both":"half_on_kerb","parking:both:fee":"no","parking:both:orientation":"parallel","surface":"unhewn_cobblestone"}}},{"type":"Feature","id":"way/1395841766#both","geometry":{"type":"LineString","coordinates":[[8.201748,53.1451],[8.201831,53.145857]]},"properties":{"id":"way/1395841766#both","kind":"street","name":"Adlerstraße","parking":"street_side","side":"both","orientation":"parallel","fee":"no","feeConditional":null,"maxstay":null,"maxstayConditional":null,"restrictionConditional":null,"access":null,"residents":null,"disc":null,"capacity":null,"operator":null,"openingHours":null,"charge":null,"tags":{"highway":"residential","name":"Adlerstraße","parking:both":"half_on_kerb","parking:both:fee":"no","parking:both:orientation":"parallel","surface":"unhewn_cobblestone"}}},{"type":"Feature","id":"way/1395841767#both","geometry":{"type":"LineString","coordinates":[[8.199996,53.144213],[8.199992,53.144184],[8.199931,53.143773],[8.199869,53.143355]]},"properties":{"id":"way/1395841767#both","kind":"street","name":"Holtzingerstraße","parking":"street_side","side":"both","orientation":"parallel","fee":null,"feeConditional":null,"maxstay":null,"maxstayConditional":null,"restrictionConditional":null,"access":null,"residents":null,"disc":null,"capacity":null,"operator":null,"openingHours":null,"charge":null,"tags":{"highway":"residential","name":"Holtzingerstraße","parking:both":"lane","parking:both:orientation":"parallel","surface":"asphalt"}}},{"type":"Feature","id":"way/1414006796#both","geometry":{"type":"LineString","coordinates":[[8.201372,53.138084],[8.201346,53.138043]]},"properties":{"id":"way/1414006796#both","kind":"street","name":"Tappenbeckstraße","parking":"street_side","side":"both","orientation":"parallel","fee":null,"feeConditional":null,"maxstay":null,"maxstayConditional":null,"restrictionConditional":null,"access":null,"residents":null,"disc":null,"capacity":null,"operator":null,"openingHours":null,"charge":null,"tags":{"highway":"residential","name":"Tappenbeckstraße","name:etymology:wikidata":"Q1733139","parking:condition:both":"free","parking:left":"street_side","parking:left:orientation":"parallel","parking:right":"lane","parking:right:orientation":"parallel","surface":"asphalt"}}},{"type":"Feature","id":"way/1427251986","geometry":{"type":"Polygon","coordinates":[[[8.227114,53.144929],[8.227135,53.144968],[8.227257,53.144945],[8.227237,53.144906],[8.227114,53.144929]]]},"properties":{"id":"way/1427251986","kind":"street","name":null,"parking":"street_side","capacity":4,"fee":"no","feeConditional":null,"maxstay":null,"maxstayConditional":null,"access":"customers","operator":null,"openingHours":null,"residents":null,"disc":null,"charge":null,"tags":{"access":"customers","amenity":"parking","capacity":"4","fee":"no","parking":"street_side","surface":"paving_stones"}}},{"type":"Feature","id":"way/1445462131#right","geometry":{"type":"LineString","coordinates":[[8.230671,53.140876],[8.230677,53.141186],[8.230701,53.141352],[8.230733,53.141436],[8.230847,53.141689],[8.230841,53.141732]]},"properties":{"id":"way/1445462131#right","kind":"street","name":"Alter Stadthafen","parking":"street_side","side":"right","orientation":"parallel","fee":null,"feeConditional":null,"maxstay":null,"maxstayConditional":null,"restrictionConditional":null,"access":null,"residents":null,"disc":null,"capacity":null,"operator":null,"openingHours":null,"charge":null,"tags":{"access":"yes","highway":"residential","name":"Alter Stadthafen","parking:left":"no","parking:right":"street_side","parking:right:orientation":"parallel","surface":"asphalt","zone:traffic":"DE:urban"}}},{"type":"Feature","id":"way/1445820946#right","geometry":{"type":"LineString","coordinates":[[8.235118,53.154949],[8.235177,53.154937],[8.235115,53.155482],[8.235086,53.155745],[8.235009,53.155787]]},"properties":{"id":"way/1445820946#right","kind":"street","name":"Kranbergstraße","parking":"street_side","side":"right","orientation":"parallel","fee":null,"feeConditional":null,"maxstay":null,"maxstayConditional":null,"restrictionConditional":null,"access":null,"residents":null,"disc":null,"capacity":null,"operator":null,"openingHours":null,"charge":null,"tags":{"highway":"residential","name":"Kranbergstraße","parking:left":"no","parking:right":"street_side","parking:right:orientation":"parallel","surface":"asphalt"}}},{"type":"Feature","id":"way/1448074803#both","geometry":{"type":"LineString","coordinates":[[8.208298,53.137575],[8.208309,53.137549],[8.208313,53.13754],[8.208348,53.13746]]},"properties":{"id":"way/1448074803#both","kind":"street","name":"Roggemannstraße","parking":"street_side","side":"both","orientation":"parallel","fee":"yes","feeConditional":null,"maxstay":null,"maxstayConditional":null,"restrictionConditional":null,"access":null,"residents":"A","disc":null,"capacity":null,"operator":null,"openingHours":null,"charge":null,"tags":{"highway":"residential","name":"Roggemannstraße","parking:both":"half_on_kerb","parking:both:fee":"yes","parking:both:orientation":"parallel","parking:both:zone":"A","surface":"sett"}}},{"type":"Feature","id":"way/1448074804#right","geometry":{"type":"LineString","coordinates":[[8.208348,53.13746],[8.208289,53.137355]]},"properties":{"id":"way/1448074804#right","kind":"street","name":"Roggemannstraße","parking":"street_side","side":"right","orientation":"parallel","fee":"yes","feeConditional":null,"maxstay":null,"maxstayConditional":null,"restrictionConditional":null,"access":null,"residents":"A","disc":null,"capacity":null,"operator":null,"openingHours":null,"charge":null,"tags":{"highway":"residential","name":"Roggemannstraße","name:etymology:wikidata":"Q1220287","parking:both:fee":"yes","parking:both:zone":"A","parking:left":"no","parking:left:restriction":"no_parking","parking:right":"lane","parking:right:orientation":"parallel","surface":"sett"}}},{"type":"Feature","id":"way/1449258387","geometry":{"type":"Polygon","coordinates":[[[8.190564,53.141834],[8.190853,53.141837],[8.191158,53.141887],[8.191365,53.141937],[8.191539,53.141998],[8.191494,53.142051],[8.1908,53.141915],[8.19058,53.141879],[8.190564,53.141834]]]},"properties":{"id":"way/1449258387","kind":"lot","name":null,"parking":"surface","capacity":null,"fee":null,"feeConditional":null,"maxstay":null,"maxstayConditional":null,"access":"customers","operator":null,"openingHours":null,"residents":null,"disc":null,"charge":null,"tags":{"access":"customers","amenity":"parking","parking":"surface"}}},{"type":"Feature","id":"way/1449258388","geometry":{"type":"Polygon","coordinates":[[[8.19093,53.142339],[8.191002,53.142519],[8.190829,53.142542],[8.190759,53.142363],[8.19093,53.142339]]]},"properties":{"id":"way/1449258388","kind":"lot","name":null,"parking":"surface","capacity":null,"fee":"no","feeConditional":null,"maxstay":null,"maxstayConditional":null,"access":"customers","operator":null,"openingHours":null,"residents":null,"disc":null,"charge":null,"tags":{"access":"customers","amenity":"parking","fee":"no","parking":"surface"}}},{"type":"Feature","id":"way/1451326736#both","geometry":{"type":"LineString","coordinates":[[8.20673,53.138593],[8.206878,53.138497],[8.207172,53.138308],[8.207363,53.138174],[8.207419,53.138139],[8.207523,53.138065]]},"properties":{"id":"way/1451326736#both","kind":"street","name":"Bismarckstraße","parking":"street_side","side":"both","orientation":"parallel","fee":"yes","feeConditional":null,"maxstay":null,"maxstayConditional":null,"restrictionConditional":null,"access":null,"residents":null,"disc":null,"capacity":null,"operator":null,"openingHours":null,"charge":null,"tags":{"highway":"residential","name":"Bismarckstraße","parking:both":"half_on_kerb","parking:both:fee":"yes","parking:both:orientation":"parallel","surface":"asphalt"}}},{"type":"Feature","id":"way/1474238002","geometry":{"type":"Polygon","coordinates":[[[8.235457,53.135404],[8.235426,53.135344],[8.235971,53.135268],[8.236011,53.135425],[8.235864,53.135442],[8.235814,53.135342],[8.235457,53.135404]]]},"properties":{"id":"way/1474238002","kind":"lot","name":null,"parking":"surface","capacity":null,"fee":null,"feeConditional":null,"maxstay":null,"maxstayConditional":null,"access":null,"operator":null,"openingHours":null,"residents":null,"disc":null,"charge":null,"tags":{"amenity":"parking"}}},{"type":"Feature","id":"way/1474375727","geometry":{"type":"Polygon","coordinates":[[[8.219641,53.141819],[8.219554,53.141932],[8.219584,53.141939],[8.21967,53.141827],[8.219641,53.141819]]]},"properties":{"id":"way/1474375727","kind":"street","name":null,"parking":"street_side","capacity":null,"fee":"yes","feeConditional":null,"maxstay":null,"maxstayConditional":null,"access":"yes","operator":null,"openingHours":null,"residents":null,"disc":null,"charge":"1.40 EUR/15 minutes","tags":{"access":"yes","amenity":"parking","charge":"1.40 EUR/15 minutes","fee":"yes","parking":"street_side","parking:payment":"machine"}}},{"type":"Feature","id":"way/1474375728","geometry":{"type":"Polygon","coordinates":[[[8.219517,53.141981],[8.219447,53.142076],[8.21948,53.142085],[8.219547,53.141989],[8.219517,53.141981]]]},"properties":{"id":"way/1474375728","kind":"street","name":null,"parking":"street_side","capacity":null,"fee":"yes","feeConditional":null,"maxstay":null,"maxstayConditional":null,"access":"yes","operator":null,"openingHours":null,"residents":null,"disc":null,"charge":"1.40 EUR/15 minutes","tags":{"access":"yes","amenity":"parking","capacity:disabled":"no","charge":"1.40 EUR/15 minutes","fee":"yes","parking":"street_side","parking:payment":"machine"}}},{"type":"Feature","id":"way/1474375729","geometry":{"type":"Polygon","coordinates":[[[8.219261,53.142331],[8.219184,53.142433],[8.219217,53.142442],[8.219294,53.142341],[8.219261,53.142331]]]},"properties":{"id":"way/1474375729","kind":"street","name":null,"parking":"street_side","capacity":null,"fee":"yes","feeConditional":null,"maxstay":null,"maxstayConditional":null,"access":"yes","operator":null,"openingHours":null,"residents":null,"disc":null,"charge":"1.40 EUR/15 minutes","tags":{"access":"yes","amenity":"parking","charge":"1.40 EUR/15 minutes","fee":"yes","parking":"street_side","parking:payment":"machine"}}},{"type":"Feature","id":"way/1501523160#both","geometry":{"type":"LineString","coordinates":[[8.201366,53.131695],[8.201356,53.131658],[8.201338,53.131631],[8.201314,53.13161],[8.201285,53.131591],[8.201157,53.131535],[8.201025,53.131489],[8.200926,53.131465],[8.20072,53.131426],[8.200296,53.131377]]},"properties":{"id":"way/1501523160#both","kind":"street","name":"Kleiststraße","parking":"street_side","side":"both","orientation":"parallel","fee":null,"feeConditional":null,"maxstay":null,"maxstayConditional":null,"restrictionConditional":null,"access":null,"residents":null,"disc":null,"capacity":null,"operator":null,"openingHours":null,"charge":null,"tags":{"highway":"residential","name":"Kleiststraße","parking:left":"half_on_kerb","parking:left:markings":"no","parking:left:orientation":"parallel","parking:right":"lane","parking:right:markings":"no","parking:right:orientation":"parallel","surface":"paving_stones"}}},{"type":"Feature","id":"way/1501523168#both","geometry":{"type":"LineString","coordinates":[[8.200296,53.131377],[8.200123,53.131359]]},"properties":{"id":"way/1501523168#both","kind":"street","name":"Kleiststraße","parking":"street_side","side":"both","orientation":"parallel","fee":null,"feeConditional":null,"maxstay":null,"maxstayConditional":null,"restrictionConditional":null,"access":null,"residents":null,"disc":null,"capacity":null,"operator":null,"openingHours":null,"charge":null,"tags":{"highway":"residential","name":"Kleiststraße","parking:left":"half_on_kerb","parking:left:markings":"no","parking:left:orientation":"parallel","parking:right":"lane","parking:right:markings":"no","parking:right:orientation":"parallel","surface":"paving_stones"}}},{"type":"Feature","id":"way/1504205173#both","geometry":{"type":"LineString","coordinates":[[8.203682,53.136884],[8.203726,53.13688],[8.204992,53.136765],[8.205011,53.136763],[8.20506,53.136758]]},"properties":{"id":"way/1504205173#both","kind":"street","name":"Unter den Eichen","parking":"street_side","side":"both","orientation":"parallel","fee":"no","feeConditional":null,"maxstay":null,"maxstayConditional":null,"restrictionConditional":null,"access":null,"residents":null,"disc":null,"capacity":null,"operator":null,"openingHours":null,"charge":null,"tags":{"highway":"residential","name":"Unter den Eichen","parking:both:fee":"no","parking:both:orientation":"parallel","parking:left":"shoulder","parking:right":"lane","surface":"bricks"}}},{"type":"Feature","id":"way/1509454950","geometry":{"type":"Polygon","coordinates":[[[8.222813,53.139256],[8.222897,53.139257],[8.222903,53.139216],[8.222928,53.13918],[8.222963,53.139146],[8.223022,53.139119],[8.223113,53.139106],[8.223252,53.139124],[8.22342,53.139154],[8.223536,53.139156],[8.223534,53.139114],[8.223443,53.139112],[8.223368,53.139104],[8.223257,53.139078],[8.223159,53.139062],[8.223071,53.139062],[8.222993,53.139081],[8.222927,53.139111],[8.222875,53.139148],[8.222835,53.139195],[8.222813,53.139241],[8.222813,53.139256]]]},"properties":{"id":"way/1509454950","kind":"lot","name":null,"parking":"surface","capacity":null,"fee":null,"feeConditional":null,"maxstay":null,"maxstayConditional":null,"access":null,"operator":null,"openingHours":null,"residents":null,"disc":null,"charge":null,"tags":{"amenity":"parking"}}},{"type":"Feature","id":"way/1509454951","geometry":{"type":"Polygon","coordinates":[[[8.22381,53.139417],[8.22381,53.139377],[8.224135,53.139376],[8.224135,53.139416],[8.22381,53.139417]]]},"properties":{"id":"way/1509454951","kind":"lot","name":null,"parking":"surface","capacity":null,"fee":null,"feeConditional":null,"maxstay":null,"maxstayConditional":null,"access":null,"operator":null,"openingHours":null,"residents":null,"disc":null,"charge":null,"tags":{"amenity":"parking"}}},{"type":"Feature","id":"way/1526505648","geometry":{"type":"Polygon","coordinates":[[[8.225492,53.14625],[8.225508,53.14629],[8.224755,53.1464],[8.224739,53.146361],[8.225492,53.14625]]]},"properties":{"id":"way/1526505648","kind":"street","name":null,"parking":"street_side","capacity":null,"fee":null,"feeConditional":null,"maxstay":null,"maxstayConditional":null,"access":"customers","operator":null,"openingHours":null,"residents":null,"disc":null,"charge":null,"tags":{"access":"customers","amenity":"parking","parking":"street_side"}}},{"type":"Feature","id":"way/1526505649","geometry":{"type":"Polygon","coordinates":[[[8.224033,53.146396],[8.224428,53.146337],[8.224324,53.146088],[8.22393,53.146147],[8.224033,53.146396]]]},"properties":{"id":"way/1526505649","kind":"lot","name":null,"parking":"surface","capacity":null,"fee":null,"feeConditional":null,"maxstay":null,"maxstayConditional":null,"access":"customers","operator":null,"openingHours":null,"residents":null,"disc":null,"charge":null,"tags":{"access":"customers","amenity":"parking","parking":"surface"}}},{"type":"Feature","id":"way/1532025063#both","geometry":{"type":"LineString","coordinates":[[8.225661,53.142309],[8.225688,53.142301],[8.225786,53.142254]]},"properties":{"id":"way/1532025063#both","kind":"street","name":"Ankerstraße","parking":"street_side","side":"both","orientation":"perpendicular","fee":null,"feeConditional":null,"maxstay":null,"maxstayConditional":null,"restrictionConditional":null,"access":null,"residents":null,"disc":null,"capacity":null,"operator":null,"openingHours":null,"charge":null,"tags":{"highway":"residential","name":"Ankerstraße","parking:both":"street_side","parking:both:orientation":"perpendicular","surface":"paving_stones"}}},{"type":"Feature","id":"way/1532065554","geometry":{"type":"Polygon","coordinates":[[[8.233216,53.149115],[8.233228,53.149071],[8.233043,53.149046],[8.233101,53.148858],[8.233282,53.148905],[8.233445,53.148966],[8.233541,53.149093],[8.233611,53.149081],[8.233569,53.148984],[8.233493,53.148915],[8.233335,53.148849],[8.232968,53.148767],[8.232981,53.148738],[8.232603,53.148666],[8.231793,53.148551],[8.231699,53.148931],[8.233216,53.149115]]]},"properties":{"id":"way/1532065554","kind":"lot","name":null,"parking":"surface","capacity":null,"fee":"yes","feeConditional":null,"maxstay":null,"maxstayConditional":null,"access":"yes","operator":null,"openingHours":null,"residents":null,"disc":null,"charge":null,"tags":{"access":"yes","amenity":"parking","fee":"yes","parking":"surface"}}},{"type":"Feature","id":"way/1532065561","geometry":{"type":"Polygon","coordinates":[[[8.23116,53.148491],[8.229508,53.148315],[8.229129,53.148273],[8.228797,53.148288],[8.22853,53.148284],[8.22835,53.14828],[8.227801,53.148225],[8.227783,53.148268],[8.228598,53.148356],[8.230047,53.148513],[8.230804,53.148687],[8.231073,53.148721],[8.23116,53.148491]]]},"properties":{"id":"way/1532065561","kind":"lot","name":"Park & Ride Weser-Ems-Halle","parking":"surface","capacity":null,"fee":"no","feeConditional":null,"maxstay":null,"maxstayConditional":null,"access":null,"operator":null,"openingHours":null,"residents":null,"disc":null,"charge":null,"tags":{"amenity":"parking","fee":"no","name":"Park & Ride Weser-Ems-Halle","parking":"surface"}}},{"type":"Feature","id":"way/1539062652","geometry":{"type":"Polygon","coordinates":[[[8.222055,53.138171],[8.221848,53.137912],[8.222067,53.137849],[8.222337,53.138186],[8.222195,53.138227],[8.222132,53.138148],[8.222055,53.138171]]]},"properties":{"id":"way/1539062652","kind":"lot","name":null,"parking":"surface","capacity":null,"fee":null,"feeConditional":null,"maxstay":null,"maxstayConditional":null,"access":null,"operator":null,"openingHours":null,"residents":null,"disc":null,"charge":null,"tags":{"amenity":"parking"}}},{"type":"Feature","id":"way/1539068730","geometry":{"type":"Polygon","coordinates":[[[8.221011,53.134632],[8.220875,53.134512],[8.220652,53.134602],[8.220765,53.134703],[8.220836,53.134674],[8.220858,53.134694],[8.221011,53.134632]]]},"properties":{"id":"way/1539068730","kind":"lot","name":null,"parking":"surface","capacity":null,"fee":null,"feeConditional":null,"maxstay":null,"maxstayConditional":null,"access":null,"operator":null,"openingHours":null,"residents":null,"disc":null,"charge":null,"tags":{"amenity":"parking"}}},{"type":"Feature","id":"way/1545513113","geometry":{"type":"Polygon","coordinates":[[[8.193478,53.133585],[8.193521,53.133612],[8.193601,53.133559],[8.193552,53.133529],[8.193478,53.133585]]]},"properties":{"id":"way/1545513113","kind":"lot","name":null,"parking":"surface","capacity":null,"fee":"no","feeConditional":null,"maxstay":null,"maxstayConditional":null,"access":"yes","operator":null,"openingHours":null,"residents":null,"disc":null,"charge":null,"tags":{"access":"yes","amenity":"parking","fee":"no","parking":"surface"}}},{"type":"Feature","id":"way/1545513114","geometry":{"type":"Polygon","coordinates":[[[8.193314,53.133646],[8.193292,53.134059],[8.193348,53.134061],[8.193369,53.133647],[8.193314,53.133646]]]},"properties":{"id":"way/1545513114","kind":"lot","name":null,"parking":"surface","capacity":null,"fee":"no","feeConditional":null,"maxstay":null,"maxstayConditional":null,"access":"yes","operator":null,"openingHours":null,"residents":null,"disc":null,"charge":null,"tags":{"access":"yes","amenity":"parking","fee":"no","parking":"surface"}}},{"type":"Feature","id":"way/1550526443#left","geometry":{"type":"LineString","coordinates":[[8.23849,53.150309],[8.238833,53.150157],[8.238876,53.150139],[8.239053,53.150065],[8.23911,53.150042]]},"properties":{"id":"way/1550526443#left","kind":"street","name":"Wehdestraße","parking":"street_side","side":"left","orientation":"parallel","fee":null,"feeConditional":null,"maxstay":null,"maxstayConditional":null,"restrictionConditional":null,"access":null,"residents":null,"disc":null,"capacity":null,"operator":null,"openingHours":null,"charge":null,"tags":{"highway":"tertiary","name":"Wehdestraße","parking:left":"street_side","parking:left:orientation":"parallel","parking:right":"no","surface":"asphalt"}}},{"type":"Feature","id":"way/1560229758","geometry":{"type":"Polygon","coordinates":[[[8.216377,53.1431],[8.216143,53.143296],[8.216043,53.143258],[8.216157,53.143155],[8.216178,53.143112],[8.216258,53.143048],[8.216377,53.1431]]]},"properties":{"id":"way/1560229758","kind":"lot","name":null,"parking":"surface","capacity":9,"fee":null,"feeConditional":null,"maxstay":null,"maxstayConditional":null,"access":"customers","operator":"Öffentliche Oldenburg","openingHours":"Mo-Th 08:00-16:30; Fr 08:00-15:30; PH closed","residents":null,"disc":null,"charge":null,"tags":{"access":"customers","amenity":"parking","capacity":"9","opening_hours":"Mo-Th 08:00-16:30; Fr 08:00-15:30; PH closed","operator":"Öffentliche Oldenburg","parking":"surface","surface":"paving_stones"}}}],"metadata":{"quelle":"OpenStreetMap über Overpass API","lizenz":"ODbL 1.0 – © OpenStreetMap-Mitwirkende","abgerufen":"2026-09-25T08:56:52.409Z","osm_stand":"2026-09-25T08:54:34Z","bbox":[53.128,8.19,53.155,8.245]}}